elo1, elo2, res, round
2550,2195,1-0,1
2190,2547,0-1,1
2542,2182,1-0,1
2173,2533,0-1,1
2531,2171,1-0,1
2162,2527,1-0,1
2507,2161,1-0,1
2151,2495,0-1,1
2494,2132,1-0,1
2130,2482,0-1,1
2479,2130,1-0,1
2122,2473,1-0,1
2472,2094,0-1,1
2092,2464,0-1,1
2445,2079,1-0,1
2076,2442,0-1,1
2440,2052,1-0,1
2027,2439,1-0,1
2436,2012,1-0,1
2009,2427,0-1,1
2421,1986,1-0,1
1959,2418,0-1,1
2408,1953,1-0,1
1951,2404,0-1,1
2402,1951,1-0,1
1949,2400,1/2-1/2,1
2383,1949,1-0,1
1940,2376,0-1,1
2370,1939,1-0,1
1913,2368,0-1,1
2365,1904,1-0,1
1902,2351,1/2-1/2,1
2350,1882,1-0,1
1787,2345,0-1,1
2339,1775,1-0,1
2309,1724,1-0,1
1720,2303,0-1,1
2288,1660,1-0,1
1646,2287,0-1,1
2279,1646,1-0,1
2463,1564,1-0,1
2065,2453,0-1,1
2673,2251,1-0,1
2249,2639,0-1,1
2604,2248,1-0,1
2225,2586,0-1,1
2579,2219,1-0,1
2211,2569,1/2-1/2,1
2563,2199,1-0,1
2198,2556,1/2-1/2,1
2368,2542,0-1,2
2533,2350,1/2-1/2,2
2345,2531,0-1,2
2339,2507,1-0,2
2495,2309,1/2-1/2,2
2310,2494,0-1,2
2482,2288,1/2-1/2,2
2303,2479,1/2-1/2,2
2464,2279,1-0,2
2286,2463,1/2-1/2,2
2453,2256,1-0,2
2253,2445,0-1,2
2442,2252,1-0,2
2162,2440,1/2-1/2,2
2122,2436,0-1,2
2427,2027,1-0,2
2094,2421,1/2-1/2,2
2569,2198,1-0,2
2556,2211,1-0,2
2400,1902,1-0,2
2257,1949,0-1,2
2527,2012,1-0,2
2473,2009,1-0,2
1986,2472,0-1,2
2439,1959,1-0,2
2251,1953,1-0,2
1951,2249,0-1,2
2248,1951,1/2-1/2,2
1949,2225,0-1,2
2219,1940,1/2-1/2,2
2199,1939,0-1,2
2195,1913,1-0,2
1904,2190,0-1,2
2182,1882,1-0,2
1775,2173,0-1,2
2171,1787,1-0,2
2161,1724,1-0,2
1660,2151,0-1,2
2132,1720,1-0,2
1646,2130,0-1,2
2130,1646,1-0,2
1564,2092,0-1,2
2418,2673,1/2-1/2,2
2639,2408,1-0,2
2404,2604,0-1,2
2586,2402,1-0,2
2383,2579,0-1,2
2376,2563,1/2-1/2,2
2370,2550,0-1,2
2547,2365,1-0,2
2494,2639,1/2-1/2,3
2604,2464,1/2-1/2,3
2445,2586,1-0,3
2579,2453,1-0,3
2550,2442,1-0,3
2436,2547,1/2-1/2,3
2542,2427,1-0,3
2531,2339,1-0,3
2673,2400,1-0,3
2418,2569,1/2-1/2,3
2563,2351,1-0,3
2350,2556,0-1,3
2309,2533,1/2-1/2,3
2288,2495,1/2-1/2,3
1949,2482,0-1,3
2479,2376,0-1,3
2463,2303,0-1,3
2440,2286,1-0,3
2421,2162,1/2-1/2,3
2527,2094,1-0,3
2507,2195,1-0,3
2225,2473,0-1,3
2472,2182,1-0,3
2190,2439,1/2-1/2,3
2408,2171,1-0,3
2173,2404,1/2-1/2,3
2402,2161,1-0,3
2151,2383,0-1,3
2130,2370,1-0,3
2092,2368,0-1,3
2365,2132,1-0,3
2076,2345,0-1,3
2065,2310,0-1,3
2279,2130,1-0,3
2256,2122,0-1,3
2027,2253,0-1,3
2252,2079,1-0,3
1939,2251,1/2-1/2,3
2249,2052,1-0,3
2198,2257,1-0,3
1940,2248,1-0,3
1951,2219,0-1,3
2211,1902,1/2-1/2,3
2012,1775,1/2-1/2,3
1724,2009,0-1,3
1720,1986,1-0,3
1959,1660,0-1,3
1953,1646,1-0,3
1646,1951,1-0,3
1913,1564,1-0,3
2542,2579,1/2-1/2,4
2531,2550,1-0,4
2639,2445,1/2-1/2,4
2482,2673,1/2-1/2,4
2376,2604,0-1,4
2464,2563,1/2-1/2,4
2556,2436,1-0,4
2547,2440,1-0,4
2303,2494,1-0,4
2586,2383,1-0,4
2569,2365,1-0,4
2533,2339,1/2-1/2,4
2368,2527,1/2-1/2,4
2345,2507,0-1,4
2495,2279,1/2-1/2,4
2473,2309,0-1,4
2310,2472,0-1,4
2453,2288,0-1,4
2442,2249,1/2-1/2,4
2427,2252,1-0,4
2253,2421,0-1,4
2162,2418,0-1,4
2130,2408,0-1,4
2122,2402,0-1,4
2219,2479,0-1,4
2094,2463,1/2-1/2,4
2439,2198,0-1,4
2404,2190,1/2-1/2,4
2400,2173,1-0,4
2351,1949,1-0,4
1939,2350,1/2-1/2,4
2286,1940,1/2-1/2,4
2052,2370,0-1,4
2009,2256,0-1,4
1953,2225,1-0,4
1904,2211,0-1,4
2195,2076,1/2-1/2,4
2182,2065,1-0,4
2171,2027,1/2-1/2,4
2161,1913,1-0,4
1902,2151,1/2-1/2,4
2132,1787,1/2-1/2,4
2130,1720,1-0,4
1882,2092,1/2-1/2,4
2079,1646,1-0,4
1660,2257,0-1,4
2248,1949,1-0,4
1775,1951,1-0,4
2199,1646,1-0,4
1986,1564,1-0,4
2604,2531,1-0,5
2579,2303,0-1,5
2556,2542,1/2-1/2,5
2445,2547,1/2-1/2,5
2673,2472,1-0,5
2421,2639,0-1,5
2418,2586,1/2-1/2,5
2408,2569,1/2-1/2,5
2563,2427,1/2-1/2,5
2550,2464,1-0,5
2507,2402,1/2-1/2,5
2309,2482,0-1,5
2288,2533,0-1,5
2527,2376,0-1,5
2339,2495,1-0,5
2494,2368,1/2-1/2,5
2479,2351,1-0,5
2279,2442,1/2-1/2,5
2440,2251,1-0,5
2436,2249,1-0,5
2198,2400,1/2-1/2,5
2252,2473,0-1,5
2463,2182,1/2-1/2,5
2211,2453,0-1,5
2404,2162,1/2-1/2,5
2383,2161,1-0,5
2370,2130,1-0,5
2365,2130,1-0,5
2350,2122,1-0,5
2190,2345,1-0,5
2094,2310,1/2-1/2,5
2079,2286,0-1,5
2256,1953,1-0,5
1940,2253,0-1,5
2439,1939,1-0,5
2257,2012,1-0,5
2076,2248,0-1,5
2027,2219,1/2-1/2,5
1787,2195,1-0,5
2173,1902,1-0,5
1949,2171,0-1,5
2151,1882,1-0,5
2092,1775,1/2-1/2,5
2225,1904,1/2-1/2,5
1913,2199,0-1,5
2065,1724,1-0,5
1720,2052,0-1,5
2009,1660,1/2-1/2,5
1646,1986,0-1,5
1949,1951,1/2-1/2,5
1564,1959,0-1,5
2303,2604,0-1,6
2547,2673,1/2-1/2,6
2639,2531,1-0,6
2482,2556,0-1,6
2445,2550,1-0,6
2586,2542,1-0,6
2436,2579,0-1,6
2569,2339,1-0,6
2563,2418,1-0,6
2533,2408,1-0,6
2427,2507,1/2-1/2,6
2402,2479,1/2-1/2,6
2376,2440,1/2-1/2,6
2365,2494,1/2-1/2,6
2473,2350,1/2-1/2,6
2472,2309,0-1,6
2464,2288,1-0,6
2453,2279,1/2-1/2,6
2442,2256,1/2-1/2,6
2368,2421,0-1,6
2400,2190,1-0,6
2286,2383,1-0,6
2253,2370,0-1,6
2198,2527,1-0,6
2495,2173,1-0,6
2248,2463,0-1,6
2182,2439,0-1,6
2171,2404,1/2-1/2,6
2351,2162,1-0,6
2310,2151,1/2-1/2,6
2257,2094,1-0,6
2251,1787,1-0,6
2345,2092,1-0,6
2052,2252,0-1,6
2219,2079,1/2-1/2,6
1986,2211,1-0,6
2199,2065,1-0,6
2161,2027,1/2-1/2,6
2130,1940,1-0,6
1953,2130,1/2-1/2,6
1939,2122,0-1,6
1775,2225,1/2-1/2,6
2195,1904,1-0,6
1902,2132,0-1,6
1882,2076,1/2-1/2,6
1660,2012,1/2-1/2,6
1959,1913,1/2-1/2,6
1951,1720,1-0,6
1949,1646,0-1,6
1646,1564,1/2-1/2,6
2604,2639,1/2-1/2,7
2556,2445,1/2-1/2,7
2673,2563,1/2-1/2,7
2547,2586,1/2-1/2,7
2579,2533,1/2-1/2,7
2303,2569,0-1,7
2550,2427,1/2-1/2,7
2542,2402,1/2-1/2,7
2531,2400,1/2-1/2,7
2507,2376,0-1,7
2421,2482,1-0,7
2479,2286,1-0,7
2370,2464,1/2-1/2,7
2440,2198,1-0,7
2309,2494,1/2-1/2,7
2350,2495,0-1,7
2339,2473,0-1,7
2463,2365,1-0,7
2408,2453,0-1,7
2251,2442,0-1,7
2439,2257,1-0,7
2279,2436,1/2-1/2,7
2418,2249,1-0,7
2256,2351,1-0,7
2252,2472,1/2-1/2,7
2404,2199,1/2-1/2,7
2383,2171,1-0,7
2190,2368,1-0,7
2151,2345,1/2-1/2,7
2130,2310,0-1,7
2288,1986,1/2-1/2,7
2122,2253,0-1,7
2527,1953,1-0,7
2130,2248,1/2-1/2,7
2094,2219,0-1,7
2079,2195,0-1,7
2027,2182,0-1,7
2173,1787,1-0,7
2162,1775,1-0,7
2225,1951,1-0,7
2211,1949,1/2-1/2,7
2092,1939,1/2-1/2,7
2076,1660,0-1,7
2065,1882,1-0,7
1646,2052,1/2-1/2,7
1940,1951,1-0,7
1904,2009,1/2-1/2,7
1724,1959,0-1,7
1913,1902,1-0,7
1720,1949,1/2-1/2,7
2569,2604,1/2-1/2,8
2639,2556,0-1,8
2445,2673,0-1,8
2440,2579,0-1,8
2533,2563,0-1,8
2376,2547,0-1,8
2550,2421,1/2-1/2,8
2400,2542,1-0,8
2427,2531,1/2-1/2,8
2495,2439,1/2-1/2,8
2464,2309,1/2-1/2,8
2402,2463,1-0,8
2453,2370,1-0,8
2442,2303,1-0,8
2507,2256,1-0,8
2494,2279,0-1,8
2482,2198,1-0,8
2286,2436,0-1,8
2253,2383,1/2-1/2,8
2310,2190,1/2-1/2,8
2249,2527,0-1,8
2472,2251,1-0,8
2219,2408,0-1,8
2195,2404,0-1,8
2199,2365,0-1,8
2351,2252,1-0,8
2182,2350,0-1,8
2345,2173,1-0,8
1986,2339,0-1,8
2161,2288,1/2-1/2,8
2257,2162,0-1,8
2368,2151,1-0,8
2248,2122,1-0,8
1660,2225,0-1,8
2171,2130,1-0,8
2132,2065,1-0,8
2052,1940,0-1,8
1939,2211,0-1,8
1949,2094,0-1,8
1787,2092,0-1,8
1775,2079,0-1,8
2012,1913,1-0,8
1959,1646,1-0,8
1951,2076,0-1,8
2009,1882,1-0,8
1949,1904,1-0,8
1564,1720,0-1,8
1646,1724,0-1,8
2604,2556,1/2-1/2,9
2673,2479,1/2-1/2,9
2563,2579,1-0,9
2547,2569,1-0,9
2442,2639,0-1,9
2421,2453,0-1,9
2402,2445,0-1,9
2586,2400,0-1,9
2440,2550,1-0,9
2439,2533,0-1,9
2531,2376,1-0,9
2309,2507,0-1,9
2436,2495,1/2-1/2,9
2427,2482,1/2-1/2,9
2279,2473,0-1,9
2418,2464,0-1,9
2542,2351,1/2-1/2,9
2350,2527,1/2-1/2,9
2339,2472,0-1,9
2463,2345,1-0,9
2408,2310,0-1,9
2404,2303,1-0,9
2383,2256,1-0,9
2370,2190,1/2-1/2,9
2365,2253,1-0,9
2162,2286,0-1,9
2198,2494,1/2-1/2,9
1940,2368,1/2-1/2,9
2288,2171,1/2-1/2,9
2130,2248,1/2-1/2,9
2225,2161,1/2-1/2,9
2252,2132,1-0,9
2173,2257,0-1,9
2251,2012,1/2-1/2,9
2151,2249,0-1,9
2092,2219,1-0,9
2211,1959,0-1,9
2094,2199,1-0,9
2079,2182,0-1,9
2130,1986,1-0,9
2122,2009,1-0,9
2065,1660,0-1,9
1902,2052,1-0,9
1720,1953,1/2-1/2,9
1951,1787,0-1,9
1646,1949,0-1,9
1724,1949,0-1,9
1913,1775,1-0,9
1904,1564,1-0,9
1951,1646,1-0,9
2654,2248,1-0,1
2217,2650,0-1,1
2649,2198,1-0,1
2197,2634,0-1,1
2624,2189,1-0,1
2176,2600,0-1,1
2581,2164,1-0,1
2162,2577,0-1,1
2574,2162,1-0,1
2158,2560,0-1,1
2554,2156,1/2-1/2,1
2155,2536,0-1,1
2534,2140,1-0,1
2135,2533,1/2-1/2,1
2524,2132,1-0,1
2131,2515,1/2-1/2,1
2512,2124,1-0,1
2123,2495,0-1,1
2495,2119,1-0,1
2079,2487,1-0,1
2483,2069,1-0,1
2061,2471,0-1,1
2465,2040,1-0,1
2032,2455,0-1,1
2454,2016,1-0,1
2008,2448,0-1,1
2434,2004,1-0,1
1974,2429,0-1,1
2426,1964,1-0,1
1958,2412,0-1,1
2405,1946,1-0,1
1944,2398,0-1,1
2398,1930,1-0,1
1888,2391,0-1,1
2383,1872,1-0,1
1821,2383,0-1,1
2382,1809,1-0,1
2364,1784,1/2-1/2,1
1769,2360,0-1,1
2358,1750,1-0,1
1725,2355,1/2-1/2,1
2347,1716,0-1,1
1714,2333,0-1,1
2330,1710,1-0,1
1705,2317,0-1,1
2317,1653,1-0,1
1609,2315,0-1,1
2278,1587,1-0,1
1534,2266,0-1,1
2260,1485,1-0,1
2032,1446,1-0,1
2429,2654,0-1,2
2650,2426,1-0,2
2412,2649,0-1,2
2634,2405,1-0,2
2398,2624,0-1,2
2600,2383,1-0,2
2398,2581,1/2-1/2,2
2577,2382,1-0,2
2391,2574,0-1,2
2560,2358,1-0,2
2536,2330,1/2-1/2,2
2383,2534,0-1,2
2381,2524,0-1,2
2360,2512,0-1,2
2495,2317,1/2-1/2,2
2333,2495,1/2-1/2,2
2317,2483,0-1,2
2471,2278,1-0,2
2315,2465,1/2-1/2,2
2455,2260,1/2-1/2,2
2266,2454,1/2-1/2,2
2448,2079,1-0,2
1716,2434,0-1,2
2533,2032,1-0,2
1784,2554,0-1,2
2515,2135,1-0,2
2156,2364,1-0,2
2355,2131,0-1,2
2487,1725,1-0,2
2004,2347,0-1,2
2248,1974,1-0,2
1964,2217,1/2-1/2,2
2198,1958,1/2-1/2,2
1946,2197,0-1,2
2189,1944,1-0,2
1930,2176,1/2-1/2,2
2164,1888,1-0,2
1872,2162,0-1,2
2162,1821,1-0,2
1809,2158,0-1,2
1750,2155,0-1,2
2132,1769,1/2-1/2,2
2124,1714,1-0,2
1710,2123,0-1,2
2119,1705,1-0,2
2069,1653,1-0,2
1587,2061,1/2-1/2,2
2040,1609,1-0,2
1485,2032,0-1,2
2016,1534,1-0,2
1446,2008,0-1,2
2654,2560,1-0,3
2534,2650,1/2-1/2,3
2649,2524,1-0,3
2512,2634,1/2-1/2,3
2624,2471,0-1,3
2483,2600,1/2-1/2,3
2434,2577,1-0,3
2574,2448,1/2-1/2,3
2581,2333,1-0,3
2554,2398,1/2-1/2,3
2454,2536,1-0,3
2330,2533,1/2-1/2,3
2317,2515,1/2-1/2,3
2260,2495,0-1,3
2495,2315,1-0,3
2465,2266,1-0,3
2131,2455,1/2-1/2,3
2429,2156,1-0,3
2189,2487,1/2-1/2,3
2426,2164,1-0,3
2162,2412,0-1,3
2405,2162,1-0,3
2158,2398,0-1,3
2155,2391,1-0,3
2123,2383,0-1,3
2383,2140,1-0,3
2382,2124,1-0,3
2079,2381,1-0,3
2032,2360,0-1,3
2358,2119,1-0,3
2347,2069,1/2-1/2,3
2032,2317,1/2-1/2,3
2278,2040,1-0,3
2008,2248,1/2-1/2,3
2197,2016,1-0,3
2364,1716,1-0,3
1958,2355,0-1,3
2217,1930,1-0,3
1769,2198,1/2-1/2,3
2176,1964,1/2-1/2,3
2135,1587,1-0,3
1725,2132,0-1,3
2061,1784,1-0,3
1714,2004,0-1,3
1974,1750,1/2-1/2,3
1705,1946,0-1,3
1944,1710,0-1,3
1653,1888,1/2-1/2,3
1609,1872,0-1,3
1821,1485,1/2-1/2,3
1534,1809,0-1,3
2471,2654,1/2-1/2,4
2434,2649,1-0,4
2650,2512,1/2-1/2,4
2634,2495,1/2-1/2,4
2600,2465,1/2-1/2,4
2495,2581,1-0,4
2483,2574,0-1,4
2448,2534,0-1,4
2624,2454,1/2-1/2,4
2577,2383,1-0,4
2560,2382,0-1,4
2383,2554,1/2-1/2,4
2533,2358,1-0,4
2524,2330,1-0,4
2515,2278,1-0,4
2455,2317,1-0,4
2398,2429,1/2-1/2,4
2360,2426,1/2-1/2,4
2412,2197,1-0,4
2155,2405,0-1,4
2398,2131,1-0,4
2536,2079,1-0,4
2487,2217,1-0,4
2248,2364,0-1,4
2355,2189,1/2-1/2,4
2156,2347,1/2-1/2,4
2333,2135,1-0,4
2317,2061,1-0,4
2315,2032,1/2-1/2,4
2266,2008,1-0,4
2132,2260,1-0,4
2069,2391,0-1,4
2381,2040,1-0,4
2198,2032,1-0,4
2016,2176,0-1,4
2164,2004,1-0,4
1964,2162,0-1,4
2162,1946,1-0,4
1872,2158,0-1,4
2140,1809,0-1,4
2124,1769,1-0,4
1716,2123,0-1,4
2119,1710,1/2-1/2,4
1446,1974,0-1,4
1750,1958,1/2-1/2,4
1930,1725,1-0,4
1888,1587,1-0,4
1653,1821,1-0,4
1784,1485,1/2-1/2,4
1705,1944,1-0,4
1534,1714,0-1,4
2654,2434,1-0,5
2574,2495,1/2-1/2,5
2534,2471,1/2-1/2,5
2495,2650,1/2-1/2,5
2649,2455,1-0,5
2465,2634,0-1,5
2512,2600,1/2-1/2,5
2454,2577,1/2-1/2,5
2412,2533,0-1,5
2405,2524,1-0,5
2382,2515,1/2-1/2,5
2581,2398,0-1,5
2398,2624,1/2-1/2,5
2554,2364,1-0,5
2383,2536,0-1,5
2360,2487,0-1,5
2333,2483,0-1,5
2317,2448,0-1,5
2429,2266,1-0,5
2426,2132,1-0,5
2189,2560,0-1,5
2391,2176,1-0,5
2383,2164,1-0,5
2162,2381,0-1,5
2358,2162,1-0,5
2158,2355,1/2-1/2,5
2347,2155,1-0,5
2330,2156,1/2-1/2,5
2317,2131,1-0,5
2123,2315,0-1,5
2278,2124,1-0,5
2079,2198,1/2-1/2,5
2197,2032,0-1,5
1809,2260,1-0,5
2248,1930,0-1,5
2217,2008,0-1,5
2135,1888,1/2-1/2,5
1974,2119,0-1,5
1710,2069,1/2-1/2,5
2061,1653,1-0,5
1769,2140,0-1,5
2040,1784,1-0,5
2032,1750,1-0,5
2004,1716,1-0,5
1714,1964,0-1,5
1958,1705,1-0,5
1946,1446,1-0,5
1485,1872,1/2-1/2,5
1821,1725,1-0,5
1587,1609,1/2-1/2,5
1944,1534,1-0,5
2649,2654,1-0,6
2634,2434,1-0,6
2471,2574,1/2-1/2,6
2495,2534,1/2-1/2,6
2533,2398,1-0,6
2650,2405,1/2-1/2,6
2600,2454,0-1,6
2577,2483,1-0,6
2487,2554,1/2-1/2,6
2536,2429,1/2-1/2,6
2515,2426,1-0,6
2448,2512,1/2-1/2,6
2382,2495,0-1,6
2381,2624,0-1,6
2560,2383,1-0,6
2524,2358,0-1,6
2032,2465,0-1,6
2455,2347,1-0,6
2315,2412,0-1,6
1809,2398,0-1,6
2391,2317,1-0,6
2278,2383,1-0,6
2198,2581,0-1,6
2364,2158,1-0,6
2156,2360,1/2-1/2,6
2355,2079,1-0,6
2132,2333,0-1,6
2119,2330,1/2-1/2,6
2008,2317,0-1,6
2266,2061,1-0,6
2164,1930,1/2-1/2,6
2069,2197,0-1,6
2040,2189,1-0,6
2176,2123,1-0,6
2004,2162,1-0,6
2162,2032,0-1,6
1964,2155,1/2-1/2,6
2140,1958,1-0,6
1946,2135,0-1,6
2131,1888,1-0,6
2248,1710,0-1,6
2260,1821,1-0,6
1872,2217,0-1,6
1653,1974,0-1,6
2016,1485,1-0,6
1587,1944,0-1,6
1784,1714,0-1,6
1446,1769,0-1,6
1750,1705,0-1,6
1716,1609,0-1,6
1725,1534,1/2-1/2,6
2634,2649,0-1,7
2574,2533,1-0,7
2654,2495,1/2-1/2,7
2405,2577,0-1,7
2534,2515,1-0,7
2495,2471,1-0,7
2454,2560,0-1,7
2434,2650,0-1,7
2624,2448,1-0,7
2554,2429,1-0,7
2412,2536,0-1,7
2512,2391,1/2-1/2,7
2398,2487,1/2-1/2,7
2465,2278,1-0,7
2398,2455,0-1,7
2358,2600,0-1,7
2581,2364,1-0,7
2483,2355,1-0,7
2426,2266,1-0,7
2333,2382,1/2-1/2,7
2317,2524,1/2-1/2,7
2383,2131,1-0,7
2135,2381,0-1,7
2360,2119,0-1,7
2347,2040,1-0,7
2330,2032,1/2-1/2,7
2317,2004,1-0,7
2032,2315,0-1,7
2197,1809,1-0,7
1930,2156,0-1,7
1710,2140,1-0,7
2383,2132,1-0,7
2079,2260,1/2-1/2,7
2217,2164,1-0,7
2061,2198,1/2-1/2,7
2158,1964,1-0,7
2155,2008,1/2-1/2,7
1974,2189,1/2-1/2,7
2162,1958,1-0,7
1944,2162,0-1,7
1888,2124,0-1,7
2123,1946,1-0,7
1769,2069,0-1,7
1714,2016,1/2-1/2,7
1705,1872,0-1,7
1821,2248,0-1,7
1485,1653,1/2-1/2,7
1609,1784,1/2-1/2,7
1716,1750,1-0,7
1725,1587,0-1,7
1534,1446,1/2-1/2,7
2577,2649,1-0,8
2534,2574,0-1,8
2536,2495,1-0,8
2533,2654,1/2-1/2,8
2650,2554,1-0,8
2495,2634,0-1,8
2455,2624,0-1,8
2560,2465,1-0,8
2600,2426,1-0,8
2471,2581,1-0,8
2515,2454,1-0,8
2398,2512,1/2-1/2,8
2487,2405,1/2-1/2,8
2391,2483,0-1,8
2448,2333,0-1,8
2434,2317,1-0,8
2429,2317,1-0,8
2278,2412,0-1,8
2315,2398,1/2-1/2,8
2176,2383,1/2-1/2,8
2156,2382,1-0,8
2381,2197,1-0,8
1710,2358,0-1,8
2119,2347,0-1,8
2524,2158,1-0,8
2266,2383,0-1,8
2364,2330,1/2-1/2,8
2355,2217,1/2-1/2,8
2032,2360,1-0,8
2260,2061,0-1,8
2198,1974,1-0,8
2069,2162,1/2-1/2,8
2162,2079,1-0,8
2040,2155,1/2-1/2,8
2140,2032,1-0,8
2008,2135,0-1,8
2124,1930,1-0,8
2004,2123,0-1,8
2132,1809,1-0,8
2248,2016,1-0,8
2189,1964,1/2-1/2,8
2164,1714,1/2-1/2,8
1958,1872,0-1,8
1946,1609,1-0,8
1653,1944,0-1,8
1888,1705,0-1,8
1587,1769,1/2-1/2,8
1485,1716,0-1,8
1446,1821,1/2-1/2,8
1784,1725,1/2-1/2,8
1750,1534,0-1,8
2574,2577,1/2-1/2,9
2624,2650,1/2-1/2,9
2649,2560,1-0,9
2634,2536,1-0,9
2654,2515,1-0,9
2495,2600,0-1,9
2483,2534,1-0,9
2471,2533,1/2-1/2,9
2554,2398,1/2-1/2,9
2512,2381,1/2-1/2,9
2412,2495,0-1,9
2358,2487,0-1,9
2465,2156,1-0,9
2405,2455,1/2-1/2,9
2347,2434,1/2-1/2,9
2333,2429,1/2-1/2,9
2581,2391,0-1,9
2383,2524,0-1,9
2454,2315,1-0,9
2426,2176,1/2-1/2,9
2398,2032,1-0,9
2383,2448,1/2-1/2,9
2382,2162,1-0,9
2197,2364,1-0,9
2135,2355,0-1,9
2330,2140,1-0,9
2317,2124,1-0,9
2317,2131,0-1,9
2061,2278,1/2-1/2,9
2217,2119,1-0,9
2123,2198,0-1,9
2266,1710,1-0,9
1872,2248,0-1,9
2162,2132,1-0,9
2158,2040,0-1,9
2155,2069,1/2-1/2,9
1964,2360,0-1,9
1944,2260,0-1,9
1930,2189,1/2-1/2,9
1809,2164,1-0,9
2079,1946,0-1,9
1716,2008,0-1,9
1705,2004,0-1,9
1974,1714,1/2-1/2,9
2016,1587,1-0,9
1769,1888,1/2-1/2,9
1534,1958,0-1,9
1821,1784,0-1,9
1446,1653,0-1,9
1609,1485,0-1,9
1725,1750,0-1,9
2683,2173,1-0,1
2171,2670,0-1,1
2647,2170,1-0,1
2168,2643,0-1,1
2640,2165,1-0,1
2165,2627,0-1,1
2606,2163,1-0,1
2158,2603,0-1,1
2602,2157,1-0,1
2153,2602,0-1,1
2600,2142,1-0,1
2140,2593,0-1,1
2586,2135,1-0,1
2133,2580,0-1,1
2579,2117,1-0,1
2110,2578,0-1,1
2565,2105,1-0,1
2099,2563,0-1,1
2557,2098,1-0,1
2098,2533,0-1,1
2529,2095,1-0,1
2091,2529,1-0,1
2527,2090,1-0,1
2089,2524,0-1,1
2524,2087,1-0,1
2506,2056,1-0,1
2047,2505,0-1,1
2495,2039,1-0,1
2031,2480,0-1,1
2471,2028,1-0,1
2026,2454,0-1,1
2444,2014,1-0,1
2011,2432,0-1,1
2428,2008,1-0,1
1991,2419,0-1,1
1983,2412,0-1,1
2410,1965,1-0,1
1963,2398,0-1,1
2396,1949,1-0,1
2389,1945,1-0,1
1924,2387,0-1,1
2385,1923,1-0,1
1918,2379,0-1,1
2369,1917,1-0,1
1913,2368,1/2-1/2,1
2367,1880,1-0,1
1874,2358,0-1,1
2347,1871,0-1,1
1859,2340,1-0,1
2338,1854,1-0,1
1842,2336,0-1,1
2333,1835,1-0,1
1830,2332,0-1,1
2332,1829,1-0,1
1828,2330,0-1,1
2329,1824,1-0,1
1808,2328,0-1,1
2327,1795,1-0,1
1791,2323,0-1,1
2320,1719,1-0,1
1712,2307,0-1,1
2307,1702,1-0,1
1698,2306,0-1,1
2299,1694,1-0,1
1685,2291,0-1,1
2282,1683,1-0,1
1639,2258,0-1,1
2247,1626,1-0,1
1625,2240,1/2-1/2,1
2233,1554,1-0,1
1554,2228,0-1,1
2220,1517,1-0,1
1501,2220,0-1,1
2214,1481,1-0,1
1437,2204,0-1,1
2158,2507,0-1,1
2417,1851,1-0,1
2393,2683,0-1,2
2670,2389,1-0,2
2387,2647,1-0,2
2643,2385,1-0,2
2379,2640,1/2-1/2,2
2627,2369,1-0,2
2367,2606,0-1,2
2603,2338,1-0,2
2358,2602,0-1,2
2602,2333,1-0,2
2336,2600,0-1,2
2593,2332,0-1,2
2332,2586,1/2-1/2,2
2580,2329,1-0,2
2330,2579,0-1,2
2578,2327,1/2-1/2,2
2328,2565,0-1,2
2563,2320,1-0,2
2323,2557,1-0,2
2533,2307,1-0,2
2307,2529,0-1,2
2306,2527,1/2-1/2,2
2524,2299,1-0,2
2291,2524,1/2-1/2,2
2507,2282,1-0,2
2258,2506,1/2-1/2,2
2505,2247,1-0,2
2233,2495,0-1,2
2480,2220,1-0,2
2228,2471,0-1,2
2454,2214,1-0,2
2220,2444,1/2-1/2,2
2432,2200,1-0,2
2204,2428,0-1,2
2419,2183,1/2-1/2,2
2195,2417,0-1,2
2412,2091,1-0,2
2177,2410,0-1,2
2398,1859,1-0,2
1871,2396,0-1,2
2368,1792,1-0,2
2240,1913,1-0,2
2529,1625,1-0,2
1949,2347,0-1,2
2173,1945,1-0,2
1923,2171,1/2-1/2,2
2170,1924,1-0,2
1917,2168,1/2-1/2,2
2165,1918,0-1,2
1880,2165,1-0,2
2163,1874,1-0,2
1854,2158,1/2-1/2,2
1851,2158,0-1,2
2157,1842,0-1,2
1835,2153,1/2-1/2,2
2142,1830,1-0,2
1829,2140,0-1,2
2135,1828,1-0,2
1824,2133,1/2-1/2,2
2117,1808,1-0,2
1795,2110,0-1,2
2105,1791,1-0,2
1719,2099,0-1,2
2098,1712,0-1,2
1702,2098,1/2-1/2,2
2095,1698,1-0,2
2090,1694,1/2-1/2,2
1683,2089,0-1,2
2087,1685,1-0,2
2056,1639,1-0,2
1626,2047,1/2-1/2,2
2039,1554,1-0,2
1554,2031,0-1,2
2028,1501,1-0,2
1517,2026,0-1,2
2014,1437,1-0,2
1481,2011,0-1,2
1918,2228,1/2-1/2,3
2220,1965,1-0,3
2214,1880,1-0,3
1859,2204,1/2-1/2,3
2200,1871,1-0,3
1842,2195,0-1,3
1792,2177,1-0,3
1712,2173,0-1,3
2171,1917,1-0,3
2168,1913,1/2-1/2,3
2158,1835,1-0,3
2153,1854,1-0,3
2133,1702,1-0,3
2098,1626,1/2-1/2,3
1625,2090,1/2-1/2,3
2047,1824,1/2-1/2,3
1694,1923,0-1,3
1698,2165,1-0,3
2165,1719,0-1,3
1685,2157,0-1,3
1639,2098,0-1,3
1554,1949,1-0,3
1945,1554,1-0,3
1924,1517,1/2-1/2,3
1874,1501,1-0,3
1437,1851,1-0,3
1830,1481,1-0,3
2683,2507,1-0,3
2505,2670,0-1,3
2495,2643,0-1,3
2480,2627,0-1,3
2606,2454,0-1,3
2471,2603,1/2-1/2,3
2602,2432,0-1,3
2428,2602,1/2-1/2,3
2600,2412,1-0,3
2417,2580,1/2-1/2,3
2579,2398,1-0,3
2565,2387,1-0,3
2410,2563,1/2-1/2,3
2396,2533,1/2-1/2,3
2529,2323,1/2-1/2,3
2332,2524,0-1,3
2640,2368,1-0,3
2586,2306,1-0,3
2332,2578,0-1,3
2527,2291,1-0,3
2524,2258,1-0,3
2506,2220,1/2-1/2,3
2444,2240,1/2-1/2,3
2327,2419,0-1,3
2183,2379,1/2-1/2,3
2647,2163,1-0,3
2158,2593,0-1,3
2557,2170,1-0,3
2140,2529,0-1,3
2110,2393,1/2-1/2,3
2389,2142,1/2-1/2,3
2385,2135,1-0,3
2369,2117,1-0,3
2099,2367,0-1,3
2091,2358,0-1,3
2347,2105,1-0,3
2089,2340,1/2-1/2,3
2338,2095,1-0,3
2031,2336,1/2-1/2,3
2333,2087,1-0,3
2026,2330,0-1,3
2329,2056,1-0,3
2011,2328,0-1,3
2320,2039,1/2-1/2,3
1991,2307,0-1,3
2307,2028,1-0,3
2299,2014,1-0,3
2282,2008,1-0,3
2247,1983,1-0,3
1963,2233,0-1,3
2524,2683,1/2-1/2,4
2670,2579,0-1,4
2643,2565,0-1,4
2627,2454,1/2-1/2,4
2432,2600,1/2-1/2,4
2527,2640,0-1,4
2603,2524,1-0,4
2602,2471,1-0,4
2323,2586,1-0,4
2580,2428,1-0,4
2578,2417,1-0,4
2563,2396,1-0,4
2533,2410,1/2-1/2,4
2419,2529,1/2-1/2,4
2338,2647,0-1,4
2333,2606,0-1,4
2332,2602,0-1,4
2593,2329,1-0,4
2330,2557,1/2-1/2,4
2529,2307,1-0,4
2507,2299,1-0,4
2328,2506,0-1,4
2307,2505,1/2-1/2,4
2282,2495,1/2-1/2,4
2247,2480,1-0,4
2233,2444,1/2-1/2,4
2412,2220,1-0,4
2398,2214,1/2-1/2,4
2387,2200,1-0,4
2240,2385,1/2-1/2,4
2379,1792,1-0,4
2220,2369,0-1,4
2195,2367,1/2-1/2,4
2358,2183,1-0,4
2173,2347,0-1,4
2393,2171,1-0,4
2204,2389,1/2-1/2,4
2368,2158,0-1,4
2340,2153,1-0,4
2336,2133,1/2-1/2,4
2142,2332,0-1,4
2039,2327,0-1,4
1923,2320,1-0,4
2306,2110,1-0,4
2291,2089,1/2-1/2,4
2258,2031,0-1,4
2228,1859,1-0,4
2177,1918,1-0,4
1983,2170,1/2-1/2,4
1965,2168,1/2-1/2,4
2163,1963,1-0,4
1945,2158,1/2-1/2,4
1913,2140,1/2-1/2,4
2135,1874,1-0,4
2117,1842,1/2-1/2,4
2105,1830,0-1,4
1880,2099,0-1,4
2098,1828,1-0,4
1871,2098,1/2-1/2,4
2095,1808,1-0,4
1829,2091,0-1,4
2090,1791,0-1,4
2087,1712,1-0,4
2056,1698,1-0,4
1795,2047,1-0,4
2028,1625,1-0,4
1824,2026,1-0,4
2014,1554,0-1,4
1719,2011,0-1,4
2008,1437,1-0,4
1626,1991,0-1,4
1835,1924,1-0,4
1917,1702,1/2-1/2,4
1854,1694,1-0,4
1517,2165,0-1,4
1501,2165,0-1,4
1949,1481,1/2-1/2,4
2579,2565,1/2-1/2,5
2683,2580,1-0,5
2640,2578,1/2-1/2,5
2563,2627,0-1,5
2524,2603,1/2-1/2,5
2454,2602,1/2-1/2,5
2600,2323,1-0,5
2670,2432,1-0,5
2647,2419,1-0,5
2506,2643,1/2-1/2,5
2606,2412,1-0,5
2602,2387,1-0,5
2410,2593,0-1,5
2379,2533,1/2-1/2,5
2529,2358,1-0,5
2369,2529,1/2-1/2,5
2347,2507,0-1,5
2586,2247,1-0,5
2557,2340,1/2-1/2,5
2332,2527,1/2-1/2,5
2524,2330,1/2-1/2,5
2327,2505,0-1,5
2495,2307,1-0,5
2471,2306,1-0,5
2444,2282,0-1,5
2428,2240,1/2-1/2,5
2417,2233,1/2-1/2,5
2158,2398,0-1,5
2396,2228,1-0,5
2393,2214,1/2-1/2,5
2385,2195,0-1,5
2367,1923,0-1,5
2031,2338,1/2-1/2,5
2480,2135,1-0,5
2389,2098,1-0,5
2099,2336,0-1,5
2133,2333,0-1,5
2095,2332,1-0,5
2329,2087,1/2-1/2,5
2091,2328,1/2-1/2,5
2307,2056,1/2-1/2,5
2299,2028,1-0,5
2011,2291,0-1,5
2220,2008,1-0,5
2089,2220,1-0,5
1991,2204,0-1,5
2200,1824,1-0,5
2183,1795,1-0,5
1830,2177,0-1,5
1792,2173,0-1,5
1791,2163,0-1,5
1554,2157,0-1,5
2110,2368,1-0,5
2320,1983,1-0,5
2039,2258,1/2-1/2,5
1918,2171,0-1,5
2170,1965,1/2-1/2,5
2168,1945,1/2-1/2,5
2158,1913,0-1,5
2153,1871,1/2-1/2,5
1842,2142,0-1,5
2140,1854,1-0,5
1859,2117,1-0,5
2165,1835,1-0,5
2165,1829,0-1,5
1828,2105,0-1,5
1808,2090,0-1,5
2047,1719,1-0,5
2026,1712,1/2-1/2,5
1702,2014,0-1,5
1963,1698,1-0,5
1685,1917,0-1,5
1639,1880,0-1,5
1874,1554,0-1,5
1625,1851,0-1,5
1437,1949,0-1,5
1694,1517,1/2-1/2,5
1481,1683,1/2-1/2,5
2565,2683,1/2-1/2,6
2627,2600,1-0,6
2647,2579,1/2-1/2,6
2593,2670,1/2-1/2,6
2507,2640,1-0,6
2578,2606,1/2-1/2,6
2603,2529,1/2-1/2,6
2454,2602,1/2-1/2,6
2602,2524,1/2-1/2,6
2643,2471,1-0,6
2432,2586,0-1,6
2580,2396,1-0,6
2398,2563,0-1,6
2533,2369,1-0,6
2529,2379,0-1,6
2323,2506,0-1,6
2505,2282,1-0,6
2195,2495,0-1,6
1923,2557,0-1,6
2330,2527,1/2-1/2,6
2299,2524,0-1,6
2291,2480,1/2-1/2,6
2247,2428,1/2-1/2,6
2419,2233,1-0,6
2240,2417,1/2-1/2,6
2412,2200,1-0,6
2214,2410,0-1,6
2204,2393,1/2-1/2,6
2177,2389,0-1,6
2387,2220,1/2-1/2,6
2358,2095,1-0,6
2163,2347,1/2-1/2,6
2340,2031,1-0,6
2336,2183,1-0,6
2173,2333,0-1,6
2157,2332,0-1,6
2444,2089,1-0,6
2228,2385,0-1,6
2171,2367,1-0,6
2338,2158,1-0,6
2142,2329,1/2-1/2,6
2328,2140,1-0,6
2087,2327,0-1,6
2056,2320,0-1,6
2307,2110,1-0,6
1913,2307,0-1,6
2306,2091,1-0,6
2258,1859,1-0,6
2008,2332,0-1,6
2220,1991,1-0,6
2170,1963,1/2-1/2,6
1880,2168,0-1,6
1965,2165,0-1,6
1945,2153,0-1,6
2135,1917,1-0,6
1871,2133,1-0,6
2105,1851,1-0,6
1829,2099,1/2-1/2,6
2098,1830,1-0,6
2090,1792,1-0,6
1554,2047,0-1,6
1824,2039,1-0,6
2028,1554,1-0,6
2014,1791,1/2-1/2,6
1795,2011,0-1,6
1854,2158,0-1,6
2117,1924,1/2-1/2,6
2098,1918,1-0,6
1835,2026,0-1,6
1983,1842,1/2-1/2,6
1712,1949,0-1,6
1626,1874,1/2-1/2,6
1683,2165,0-1,6
1517,1828,0-1,6
1501,1808,0-1,6
1719,1639,1-0,6
1702,1625,1-0,6
1698,1437,1-0,6
1481,1685,1-0,6
2683,2627,1/2-1/2,7
2579,2507,1/2-1/2,7
2606,2565,1-0,7
2670,2578,1/2-1/2,7
2563,2647,1-0,7
2529,2643,0-1,7
2506,2603,1/2-1/2,7
2602,2533,1-0,7
2495,2602,0-1,7
2600,2505,1-0,7
2524,2593,1/2-1/2,7
2586,2454,1-0,7
2379,2580,1/2-1/2,7
2640,2389,1-0,7
2557,2358,1-0,7
2524,2340,1/2-1/2,7
2333,2419,1-0,7
2332,2412,1/2-1/2,7
2410,2336,0-1,7
2328,2529,0-1,7
2527,2323,1-0,7
2480,2307,1-0,7
2471,2291,1/2-1/2,7
2327,2444,0-1,7
2320,2432,1-0,7
2428,2306,1-0,7
2417,2247,1-0,7
2307,2398,1/2-1/2,7
2396,2240,1/2-1/2,7
2393,2195,1/2-1/2,7
2282,2387,1-0,7
2385,2204,1/2-1/2,7
2369,2171,1-0,7
2347,1923,1-0,7
2220,2338,0-1,7
2163,2330,1/2-1/2,7
2332,2142,1/2-1/2,7
2329,2135,1-0,7
2153,2299,0-1,7
2105,2258,0-1,7
2233,2098,0-1,7
2095,2220,0-1,7
2089,2214,0-1,7
2200,2090,1-0,7
2183,2028,1-0,7
2047,2177,0-1,7
2031,2173,1/2-1/2,7
2168,1871,1/2-1/2,7
2165,1824,1-0,7
2011,2157,1/2-1/2,7
2091,2368,1/2-1/2,7
2367,2087,1-0,7
2026,2228,0-1,7
1949,2170,0-1,7
2158,2056,1/2-1/2,7
2158,2014,1/2-1/2,7
2140,1963,1-0,7
2110,1829,1-0,7
2099,1913,1-0,7
1859,2098,1-0,7
1791,2117,0-1,7
2165,1795,1-0,7
2133,1719,1-0,7
2039,1702,1-0,7
1830,2008,1-0,7
1991,1698,1-0,7
1828,1983,0-1,7
1808,1965,1-0,7
1792,1945,1-0,7
1924,1694,0-1,7
1917,1626,0-1,7
1554,1880,1-0,7
1851,1554,1-0,7
1842,1481,1/2-1/2,7
1918,1712,1-0,7
1874,1685,0-1,7
1437,1683,1/2-1/2,7
2627,2602,1/2-1/2,8
2600,2683,1-0,8
2643,2586,1-0,8
2507,2606,0-1,8
2602,2579,1-0,8
2670,2563,0-1,8
2336,2640,0-1,8
2603,2557,1/2-1/2,8
2593,2506,1/2-1/2,8
2580,2524,1-0,8
2578,2379,1-0,8
2565,2333,1/2-1/2,8
2444,2647,0-1,8
2533,2428,1-0,8
2417,2529,1/2-1/2,8
2529,2347,1-0,8
2412,2527,1/2-1/2,8
2369,2524,1/2-1/2,8
2505,2338,1-0,8
2340,2495,0-1,8
2332,2480,1-0,8
2454,2320,1/2-1/2,8
2419,2282,1-0,8
2258,2471,0-1,8
2291,2410,1-0,8
2398,2200,1-0,8
2220,2396,0-1,8
2240,2393,1/2-1/2,8
2389,2183,1-0,8
2214,2385,1/2-1/2,8
2358,2163,1-0,8
2330,2165,1-0,8
2204,2329,1/2-1/2,8
2195,2307,1-0,8
2177,2299,0-1,8
2098,2367,0-1,8
2432,2168,1-0,8
2387,2140,1/2-1/2,8
2171,2332,0-1,8
2170,2328,0-1,8
2157,2327,1/2-1/2,8
2323,2110,1-0,8
2307,2099,1-0,8
2306,2031,0-1,8
2142,2247,1-0,8
2228,2011,0-1,8
1923,2220,0-1,8
2173,1859,1-0,8
1871,2233,1-0,8
2368,2047,1-0,8
2165,2039,0-1,8
1991,2158,0-1,8
2014,2153,0-1,8
2135,1830,1/2-1/2,8
1983,2133,1-0,8
2117,1792,1-0,8
1824,2105,1-0,8
1851,2095,0-1,8
1808,2091,0-1,8
2090,1626,1-0,8
1694,2089,0-1,8
1913,2098,1/2-1/2,8
2087,1918,1-0,8
1854,2026,1-0,8
1963,1842,1/2-1/2,8
1949,1791,1/2-1/2,8
2008,1481,1-0,8
1965,1702,1/2-1/2,8
1698,1945,0-1,8
1685,1924,0-1,8
1917,1639,0-1,8
1880,1625,0-1,8
1683,1828,1-0,8
1795,1554,0-1,8
1719,1517,0-1,8
1501,1835,0-1,8
2028,2158,1/2-1/2,8
2056,1554,0-1,8
2563,2643,1/2-1/2,9
2602,2627,1/2-1/2,9
2606,2600,1/2-1/2,9
2640,2580,1/2-1/2,9
2602,2578,1/2-1/2,9
2683,2533,1-0,9
2647,2529,1/2-1/2,9
2495,2603,0-1,9
2333,2593,0-1,9
2586,2507,1-0,9
2579,2505,1-0,9
2506,2565,1-0,9
2557,2332,1-0,9
2396,2670,0-1,9
2529,2389,1-0,9
2527,2369,1-0,9
2524,2358,1-0,9
2524,2336,1-0,9
2471,2330,1-0,9
2379,2454,0-1,9
2320,2419,1/2-1/2,9
2299,2417,0-1,9
2291,2412,1-0,9
2195,2398,1/2-1/2,9
2480,2328,1-0,9
2220,2444,1-0,9
2282,2432,0-1,9
2428,2323,1/2-1/2,9
2393,2307,1-0,9
2385,2173,1/2-1/2,9
2367,2240,1/2-1/2,9
2347,2214,0-1,9
2011,2340,0-1,9
2338,2142,1/2-1/2,9
2332,2204,1-0,9
2329,1871,1-0,9
2031,2410,0-1,9
2153,2387,0-1,9
2140,2368,0-1,9
2327,2117,1-0,9
2307,2157,1/2-1/2,9
2095,2258,0-1,9
2091,2220,0-1,9
2200,2098,1-0,9
2183,2090,1-0,9
2089,2177,0-1,9
2165,2039,1-0,9
2163,1983,1-0,9
2158,1824,1-0,9
1554,2306,0-1,9
2247,2087,1-0,9
2099,2171,0-1,9
1830,2170,0-1,9
2168,2028,1-0,9
2158,1923,1-0,9
1859,2135,0-1,9
2133,1854,1-0,9
2233,1913,1-0,9
1851,2165,0-1,9
1842,2105,0-1,9
2098,1829,1/2-1/2,9
1792,2056,0-1,9
2047,1808,1-0,9
1626,2014,0-1,9
1791,2008,1/2-1/2,9
1625,1991,1-0,9
1554,1963,0-1,9
1945,1683,1-0,9
1924,1639,1-0,9
1702,2026,0-1,9
1481,1965,1/2-1/2,9
1835,1712,1-0,9
1719,1880,1-0,9
1828,1698,1/2-1/2,9
1685,1795,0-1,9
1437,1501,1-0,9
2110,2228,0-1,9
2102,2767,0-1,1
2700,2098,1-0,1
2093,2666,0-1,1
2664,2092,1-0,1
2091,2653,0-1,1
2639,2085,1-0,1
2082,2635,0-1,1
2635,2067,1-0,1
2057,2615,0-1,1
2612,2048,1-0,1
2045,2611,0-1,1
2594,2045,1-0,1
2040,2591,0-1,1
2588,2034,1/2-1/2,1
2032,2577,0-1,1
2575,2012,1-0,1
2011,2561,0-1,1
2556,2007,1-0,1
2003,2531,0-1,1
2523,2000,1-0,1
2000,2512,0-1,1
2506,1997,1-0,1
1983,2504,0-1,1
2502,1961,1-0,1
1960,2500,0-1,1
2461,1959,1-0,1
1948,2460,0-1,1
2456,1947,1-0,1
1944,2454,0-1,1
2452,1941,1/2-1/2,1
2439,1939,1-0,1
1939,2432,0-1,1
2424,1936,1-0,1
1926,2422,0-1,1
2421,1926,1-0,1
1913,2417,1/2-1/2,1
2416,1903,1-0,1
1900,2410,0-1,1
2400,1892,1-0,1
1884,2398,0-1,1
2372,1884,1-0,1
1882,2361,0-1,1
2360,1879,1-0,1
1879,2358,0-1,1
2357,1878,1-0,1
1877,2356,0-1,1
2355,1876,1-0,1
1875,2350,0-1,1
2346,1864,1-0,1
2341,1858,0-1,1
1852,2336,0-1,1
2331,1849,1-0,1
2265,2326,1/2-1/2,1
2321,1814,1-0,1
1810,2315,0-1,1
1789,2290,0-1,1
1772,2287,0-1,1
2283,1769,1-0,1
2279,1763,1-0,1
2108,2269,1/2-1/2,1
1734,2255,0-1,1
2250,1731,1-0,1
1716,2245,0-1,1
2241,1707,1-0,1
2226,1688,1-0,1
1682,2224,0-1,1
2219,1677,1-0,1
1657,2217,0-1,1
2217,1643,1-0,1
1638,2210,0-1,1
2205,1627,1-0,1
1618,2205,0-1,1
2202,1612,1-0,1
1602,2195,0-1,1
2310,1793,1-0,1
2183,1580,1-0,1
2175,1558,1-0,1
1544,2171,0-1,1
2170,1524,1-0,1
1474,2164,0-1,1
2161,1462,1-0,1
1449,2153,0-1,1
2147,1323,1-0,1
1298,2132,0-1,1
1928,1379,1-0,1
2767,2346,1-0,2
2346,2700,0-1,2
2666,2331,1-0,2
2336,2664,0-1,2
2653,2321,1-0,2
2315,2639,0-1,2
2290,2635,0-1,2
2615,2283,1-0,2
2287,2612,0-1,2
2611,2279,1-0,2
2279,2594,1-0,2
2591,2250,1-0,2
2577,2241,1-0,2
2255,2575,0-1,2
2561,2226,1-0,2
2245,2556,1/2-1/2,2
2531,2219,1-0,2
2239,2523,1/2-1/2,2
2512,2217,1-0,2
2224,2506,0-1,2
2217,2504,0-1,2
2210,2502,1/2-1/2,2
2500,2205,1-0,2
2205,2461,0-1,2
2460,2202,1-0,2
2195,2456,1/2-1/2,2
2454,2183,1/2-1/2,2
2440,2175,1-0,2
2178,2439,0-1,2
2432,2170,0-1,2
2171,2424,0-1,2
2422,2161,1-0,2
2164,2421,0-1,2
2153,2416,1-0,2
2410,2152,1-0,2
2148,2400,1/2-1/2,2
2398,2147,1-0,2
2132,2372,0-1,2
2361,2129,1-0,2
2127,2360,0-1,2
2358,2122,1-0,2
2121,2357,0-1,2
2356,2117,1-0,2
1858,2355,1-0,2
2350,1928,1-0,2
1941,2588,0-1,2
2417,2265,1/2-1/2,2
2326,2108,1-0,2
2034,2289,0-1,2
2269,1913,1-0,2
1849,2341,0-1,2
1814,2102,0-1,2
1793,2093,1/2-1/2,2
2092,1852,1-0,2
1769,2091,0-1,2
2085,1810,1-0,2
1763,2082,0-1,2
2067,1789,0-1,2
1731,2057,0-1,2
2048,1772,1/2-1/2,2
1707,2045,0-1,2
1688,2040,1/2-1/2,2
1677,2032,1-0,2
2012,1734,1-0,2
1643,2011,0-1,2
2007,1716,1/2-1/2,2
1627,2003,0-1,2
1612,2000,0-1,2
1997,1682,1-0,2
1961,1657,1-0,2
1580,1960,0-1,2
1959,1638,1-0,2
1558,1948,1-0,2
1947,1618,1-0,2
1524,1944,0-1,2
1939,1602,1/2-1/2,2
2635,2310,1-0,2
1462,1939,0-1,2
1926,1544,1/2-1/2,2
1903,1474,1/2-1/2,2
1379,1900,1/2-1/2,2
1892,1449,1-0,2
1323,1884,0-1,2
1879,1298,1-0,2
1824,1875,1-0,2
2461,2767,0-1,3
2700,2460,1-0,3
2440,2666,1/2-1/2,3
2664,2422,1-0,3
2439,2653,0-1,3
2639,2410,1/2-1/2,3
2424,2635,0-1,3
2635,2398,1-0,3
2421,2615,1/2-1/2,3
2612,2361,1-0,3
2372,2611,0-1,3
2360,2591,0-1,3
2358,2577,1/2-1/2,3
2575,2356,0-1,3
2357,2561,0-1,3
2350,2531,1/2-1/2,3
2279,2512,0-1,3
2506,2153,1-0,3
2504,1858,1-0,3
2170,2500,0-1,3
2588,2326,1-0,3
2556,2269,1-0,3
2523,2245,1/2-1/2,3
2502,2239,1-0,3
2456,2210,1-0,3
2289,2454,0-1,3
2452,2148,1-0,3
2400,2195,1-0,3
2183,2594,1/2-1/2,3
2117,2432,0-1,3
2102,1528,0-1,3
2416,2121,1-0,3
2355,2098,1-0,3
2346,2092,1-0,3
2091,2346,0-1,3
2341,2085,1-0,3
2082,2336,1/2-1/2,3
2331,2057,1-0,3
2321,2045,1-0,3
2011,2315,0-1,3
2003,2290,0-1,3
2000,2287,1/2-1/2,3
2283,2012,1-0,3
2279,1997,1-0,3
2265,1961,0-1,3
1960,2255,0-1,3
2250,1959,1/2-1/2,3
2241,1947,1-0,3
2226,1944,1-0,3
1939,2224,0-1,3
2219,1936,1-0,3
1928,2217,1-0,3
2205,1892,1-0,3
1926,2205,0-1,3
2202,1884,1-0,3
1884,2178,0-1,3
2175,1879,1-0,3
1882,2171,0-1,3
1879,2164,0-1,3
2161,1878,1/2-1/2,3
2152,1876,0-1,3
2147,1824,1-0,3
1877,2132,0-1,3
2129,1677,1-0,3
1789,2127,1-0,3
2122,1558,1/2-1/2,3
2108,1903,1-0,3
1900,2048,1-0,3
2040,1793,0-1,3
1772,2034,0-1,3
1716,2000,1/2-1/2,3
1602,1941,0-1,3
1544,1939,0-1,3
1474,1926,0-1,3
1913,1688,0-1,3
2067,1379,1-0,3
2032,1627,1-0,3
2310,2045,1-0,3
1948,1612,1-0,3
1875,1580,1-0,3
1638,1864,0-1,3
1852,1462,1-0,3
1618,1849,0-1,3
1449,1769,1/2-1/2,3
1298,1731,0-1,3
2767,2611,1-0,4
2591,2700,0-1,4
2561,2664,0-1,4
2653,2506,1-0,4
2635,2504,1-0,4
2500,2635,0-1,4
2356,2612,1/2-1/2,4
2666,2456,1/2-1/2,4
2454,2639,1/2-1/2,4
2615,2452,1-0,4
2588,2440,1/2-1/2,4
2577,2421,0-1,4
2410,2556,1/2-1/2,4
2531,2400,1/2-1/2,4
2512,2358,1/2-1/2,4
2502,2350,1/2-1/2,4
2575,2279,1-0,4
2255,2523,0-1,4
2245,2461,1/2-1/2,4
2460,2241,1-0,4
2226,2439,1/2-1/2,4
2432,2219,1-0,4
2224,2424,1/2-1/2,4
2422,2205,1-0,4
2205,2416,0-1,4
2398,2202,1-0,4
2183,2372,0-1,4
2361,2175,1/2-1/2,4
2178,2360,0-1,4
2171,2357,0-1,4
2170,2355,0-1,4
2164,2346,1/2-1/2,4
2346,2147,0-1,4
2153,2341,1/2-1/2,4
2132,2331,1/2-1/2,4
2129,2321,0-1,4
2290,1928,1-0,4
1876,2283,0-1,4
1858,2279,1/2-1/2,4
2336,1789,1-0,4
2594,2093,1-0,4
2326,2082,1-0,4
2210,1926,1-0,4
2287,2034,1-0,4
2269,2000,1/2-1/2,4
1941,2250,0-1,4
2239,1939,1-0,4
1959,2289,1-0,4
2195,1900,1-0,4
1793,2161,0-1,4
2148,1878,1-0,4
1688,2122,1/2-1/2,4
1558,2108,0-1,4
1936,2265,0-1,4
2217,1926,0-1,4
2217,1884,1-0,4
1892,2152,1/2-1/2,4
2127,1882,1-0,4
2121,1879,1-0,4
1884,2117,1-0,4
1879,2102,0-1,4
2098,1877,1-0,4
2092,1875,1-0,4
1864,2091,0-1,4
1849,2067,1-0,4
2057,1852,1/2-1/2,4
2045,1810,1/2-1/2,4
2045,1734,0-1,4
1824,2032,0-1,4
1763,2011,1-0,4
2007,1682,1-0,4
1731,2003,0-1,4
2000,1657,1-0,4
1997,1716,0-1,4
1677,1960,0-1,4
1643,1948,0-1,4
1961,2310,1/2-1/2,4
1528,1939,1/2-1/2,4
2048,1602,1/2-1/2,4
1707,2040,1-0,4
1544,1913,1-0,4
1323,1638,1-0,4
1903,1449,1-0,4
1379,1772,0-1,4
1612,1298,0-1,4
2635,2767,1/2-1/2,5
2700,2653,0-1,5
2664,2635,1-0,5
2612,2615,1/2-1/2,5
2421,2356,1-0,5
2416,2666,0-1,5
2639,2440,1-0,5
2611,2432,1/2-1/2,5
2400,2591,0-1,5
2372,2588,1/2-1/2,5
2360,2575,0-1,5
2358,2561,1/2-1/2,5
2556,2422,0-1,5
2357,2531,0-1,5
2523,2410,1/2-1/2,5
2355,2512,1/2-1/2,5
2506,2398,1/2-1/2,5
2504,2315,1-0,5
2321,2502,1-0,5
2350,2500,0-1,5
2283,2460,0-1,5
2456,2290,1/2-1/2,5
2147,2454,0-1,5
2279,2594,1-0,5
2250,2577,0-1,5
2461,2239,1-0,5
2452,2245,1/2-1/2,5
2439,2224,1/2-1/2,5
2424,2226,1/2-1/2,5
2210,2361,1-0,5
2346,2195,1-0,5
2341,2164,1-0,5
2175,2336,1/2-1/2,5
2331,2153,1/2-1/2,5
2161,2326,0-1,5
2289,2132,1-0,5
2108,2287,1/2-1/2,5
2279,1961,1-0,5
2346,1858,1-0,5
2085,2269,0-1,5
2265,2007,1-0,5
2032,2255,0-1,5
2241,2000,1-0,5
2219,1947,1-0,5
2003,2217,0-1,5
2205,1884,1-0,5
2000,2205,1-0,5
2202,1876,1-0,5
1960,2183,1/2-1/2,5
1948,2178,0-1,5
1928,2170,0-1,5
1926,2129,0-1,5
1849,2127,0-1,5
2122,1763,1-0,5
1789,2121,0-1,5
2102,1716,1/2-1/2,5
1734,2092,0-1,5
1688,2091,1/2-1/2,5
2152,1793,1/2-1/2,5
2093,1892,1-0,5
1900,2057,1-0,5
1878,2045,0-1,5
2034,1769,1/2-1/2,5
1852,1959,1/2-1/2,5
1810,1944,0-1,5
1772,1941,1-0,5
1939,1707,1-0,5
1939,1558,1-0,5
1926,1528,0-1,5
2117,1544,1-0,5
2067,1824,1-0,5
1682,2048,1/2-1/2,5
1657,2045,0-1,5
1602,2012,0-1,5
2011,1814,1-0,5
2310,2148,1-0,5
1323,1936,1/2-1/2,5
1884,1731,1-0,5
1882,1643,1-0,5
1879,1627,1-0,5
1877,1618,1-0,5
1875,1524,1-0,5
1864,1580,1-0,5
1298,1677,0-1,5
2040,1462,1/2-1/2,5
1913,1449,1-0,5
1474,1379,1-0,5
2653,2664,1/2-1/2,6
2767,2421,1-0,6
2666,2635,1/2-1/2,6
2531,2700,1/2-1/2,6
2500,2639,1/2-1/2,6
2635,2460,1-0,6
2615,2504,1/2-1/2,6
2454,2612,1/2-1/2,6
2591,2321,1-0,6
2422,2575,1-0,6
2611,2358,1/2-1/2,6
2356,2588,0-1,6
2577,2372,1-0,6
2561,2355,1/2-1/2,6
2346,2523,1/2-1/2,6
2512,2341,1-0,6
2326,2506,1/2-1/2,6
2290,2461,1/2-1/2,6
2432,2289,1/2-1/2,6
2410,2279,1/2-1/2,6
2398,2279,1-0,6
2556,2210,1-0,6
2502,2241,1-0,6
2226,2452,1/2-1/2,6
2440,2219,1-0,6
2217,2439,1/2-1/2,6
2205,2424,1-0,6
2224,2416,1/2-1/2,6
2202,2400,0-1,6
2175,2360,0-1,6
2178,2357,0-1,6
2153,2350,1-0,6
2127,2346,0-1,6
2336,2170,0-1,6
2121,2331,0-1,6
2315,2147,1/2-1/2,6
2287,2129,1-0,6
2098,2283,0-1,6
2269,2122,1-0,6
2092,2265,1/2-1/2,6
2255,2108,1-0,6
2245,2000,1-0,6
2361,2082,1-0,6
2045,2250,0-1,6
2239,1961,1/2-1/2,6
2195,1960,1-0,6
1944,2183,1/2-1/2,6
2164,1939,1-0,6
1939,2161,1/2-1/2,6
2148,1900,0-1,6
2132,1688,1/2-1/2,6
1858,2102,1-0,6
1716,2093,0-1,6
2091,1772,1-0,6
1528,2152,1/2-1/2,6
2217,1884,1-0,6
2205,1882,1-0,6
2171,1926,1/2-1/2,6
1903,2117,0-1,6
1884,2085,1-0,6
1879,2067,1/2-1/2,6
2045,1877,1-0,6
2034,1875,1-0,6
1864,2032,0-1,6
2012,1852,1/2-1/2,6
1793,2011,1-0,6
2007,1849,1-0,6
1769,2003,1/2-1/2,6
2000,1789,1-0,6
1763,1948,1/2-1/2,6
1947,1734,1/2-1/2,6
1677,1928,1/2-1/2,6
2048,1810,1/2-1/2,6
1936,1707,1-0,6
1926,1682,1/2-1/2,6
1558,1913,0-1,6
2310,2456,1/2-1/2,6
1892,1544,0-1,6
1879,1474,1/2-1/2,6
1878,1323,1-0,6
1627,2040,1-0,6
1824,1618,1-0,6
1814,1602,0-1,6
1731,1580,1-0,6
1524,1657,1-0,6
1643,1298,1/2-1/2,6
2664,2767,0-1,7
2635,2653,1/2-1/2,7
2635,2591,0-1,7
2700,2422,1-0,7
2421,2666,1/2-1/2,7
2639,2531,1-0,7
2512,2615,1/2-1/2,7
2612,2500,1-0,7
2588,2454,1-0,7
2504,2577,1/2-1/2,7
2575,2398,1-0,7
2346,2611,1/2-1/2,7
2331,2561,0-1,7
2321,2556,0-1,7
2523,2326,1-0,7
2506,2346,1-0,7
2289,2502,0-1,7
2460,2290,1-0,7
2456,2287,1-0,7
2283,2440,1/2-1/2,7
2279,2432,0-1,7
2170,2410,1/2-1/2,7
2400,2269,0-1,7
2360,2255,1-0,7
2358,2245,1/2-1/2,7
2357,2205,1-0,7
2355,2153,1-0,7
2594,2226,1-0,7
2452,2224,1-0,7
2439,2195,1-0,7
2416,2217,0-1,7
2372,2164,1/2-1/2,7
2147,2361,0-1,7
2210,2356,0-1,7
2341,2092,1-0,7
2093,2315,0-1,7
2279,2091,1/2-1/2,7
2265,1900,1-0,7
2250,1858,1-0,7
2424,2098,1-0,7
2350,2045,1-0,7
2117,2336,0-1,7
2241,2034,1-0,7
2108,2239,1/2-1/2,7
2219,2007,0-1,7
2032,2217,0-1,7
2000,2205,1-0,7
2000,2202,1/2-1/2,7
2183,1939,1-0,7
1961,2178,1-0,7
1944,2175,0-1,7
2161,1884,1-0,7
2129,1793,0-1,7
2122,1528,1-0,7
1688,2121,1/2-1/2,7
1928,2171,0-1,7
2152,1926,1/2-1/2,7
2102,1913,1/2-1/2,7
2082,1879,1-0,7
2067,1878,1/2-1/2,7
1852,2045,0-1,7
1772,2012,1/2-1/2,7
2003,1763,1-0,7
1960,1769,0-1,7
1948,1716,1-0,7
1544,1947,1/2-1/2,7
1939,1677,0-1,7
1734,1936,0-1,7
2085,1849,1-0,7
1789,2048,1/2-1/2,7
2011,1824,1/2-1/2,7
1810,1959,1/2-1/2,7
1682,1903,1-0,7
1884,1638,1-0,7
1882,1731,0-1,7
2461,2310,1-0,7
1602,1879,0-1,7
1877,1524,1-0,7
1875,1627,0-1,7
1474,1892,0-1,7
1707,1449,1-0,7
1379,1643,1/2-1/2,7
1323,1558,1/2-1/2,7
1298,1814,0-1,7
1580,2040,0-1,7
2767,2653,1/2-1/2,8
2591,2664,1/2-1/2,8
2700,2635,1-0,8
2612,2639,0-1,8
2588,2635,0-1,8
2666,2502,1-0,8
2615,2461,1/2-1/2,8
2577,2456,1-0,8
2460,2575,1/2-1/2,8
2561,2421,1-0,8
2432,2556,0-1,8
2422,2523,1-0,8
2360,2512,1/2-1/2,8
2357,2506,0-1,8
2269,2504,0-1,8
2611,2355,1-0,8
2356,2594,1/2-1/2,8
2531,2358,1-0,8
2500,2346,0-1,8
2454,2341,1-0,8
2315,2452,0-1,8
2440,2265,1-0,8
2245,2439,1-0,8
2410,2283,1/2-1/2,8
2398,2250,1-0,8
2361,2170,1-0,8
2217,2424,1/2-1/2,8
2241,2400,1-0,8
2217,2372,0-1,8
2205,2350,1/2-1/2,8
2153,2346,0-1,8
2336,2183,1-0,8
2164,2331,1/2-1/2,8
2326,2175,1-0,8
2132,2321,0-1,8
2290,2161,1/2-1/2,8
2007,2289,1/2-1/2,8
2287,2000,1-0,8
1528,2279,0-1,8
1961,2279,0-1,8
2255,2129,1-0,8
2092,2416,0-1,8
2045,2226,0-1,8
2224,2082,1-0,8
1936,2210,0-1,8
1900,2202,1/2-1/2,8
2195,2003,1/2-1/2,8
2171,2000,0-1,8
1858,2147,0-1,8
2121,1948,1-0,8
1769,2108,1-0,8
1677,2093,0-1,8
2205,1688,1/2-1/2,8
1926,2219,0-1,8
1913,2152,1/2-1/2,8
2127,1884,0-1,8
1884,2122,1/2-1/2,8
1879,2117,1/2-1/2,8
1878,2102,0-1,8
2098,1864,1/2-1/2,8
1793,2067,1/2-1/2,8
2057,1877,1-0,8
1849,2034,1/2-1/2,8
2012,1731,1-0,8
1947,1772,1/2-1/2,8
1627,1944,0-1,8
1941,1544,1-0,8
1939,1682,1-0,8
2048,1852,1-0,8
1810,2011,1-0,8
1824,1960,1-0,8
1959,1789,1-0,8
1763,1939,0-1,8
1716,1928,1/2-1/2,8
1892,1734,1-0,8
1707,1879,0-1,8
2091,2310,1-0,8
1638,2085,0-1,8
2040,1618,1/2-1/2,8
1926,1602,0-1,8
1903,1379,1/2-1/2,8
1558,1875,1-0,8
1814,1474,1-0,8
1462,1657,1/2-1/2,8
1643,1323,1/2-1/2,8
1449,1298,1/2-1/2,8
2639,2767,1/2-1/2,9
2653,2591,1/2-1/2,9
2664,2700,1/2-1/2,9
2556,2666,1/2-1/2,9
2635,2422,1-0,9
2506,2577,0-1,9
2504,2561,1-0,9
2635,2454,1-0,9
2615,2460,1/2-1/2,9
2452,2612,0-1,9
2440,2611,0-1,9
2398,2588,0-1,9
2575,2361,1-0,9
2346,2531,0-1,9
2512,2245,1-0,9
2461,2360,1/2-1/2,9
2594,2336,1-0,9
2523,2287,1-0,9
2502,2326,1-0,9
2456,2269,1-0,9
2321,2432,0-1,9
2421,2255,0-1,9
2279,2410,1/2-1/2,9
2372,2241,1-0,9
2283,2357,1/2-1/2,9
2279,2356,1/2-1/2,9
2355,2217,1-0,9
2346,2091,1-0,9
2226,2500,1/2-1/2,9
2439,2239,1-0,9
2424,2210,1-0,9
2416,2205,1/2-1/2,9
2358,2224,1-0,9
2170,2350,0-1,9
2341,2161,1/2-1/2,9
2331,2007,1-0,9
2000,2315,0-1,9
2147,2290,1-0,9
2289,2164,1-0,9
2265,2121,1-0,9
2250,1769,1-0,9
2093,2217,0-1,9
2400,2045,1-0,9
2219,1961,1-0,9
2202,1941,1-0,9
2000,2195,0-1,9
2183,1900,1-0,9
2003,2178,0-1,9
2175,1939,1-0,9
1944,2153,1-0,9
2129,1884,0-1,9
1688,2057,1/2-1/2,9
2171,1528,1-0,9
1939,2205,1/2-1/2,9
2152,1936,1-0,9
2122,1913,1-0,9
2117,1892,1-0,9
2108,1884,0-1,9
1879,2098,0-1,9
1879,2092,1/2-1/2,9
2082,1858,1-0,9
2067,1810,1-0,9
1864,2048,0-1,9
1849,2045,0-1,9
2034,1824,1-0,9
1772,1959,1/2-1/2,9
1948,1793,0-1,9
1677,1947,1/2-1/2,9
2127,1814,1-0,9
1731,2085,0-1,9
2032,1716,1-0,9
1928,1627,1-0,9
1602,1926,1-0,9
1558,1878,0-1,9
2310,2012,1-0,9
2011,1657,1/2-1/2,9
1960,1643,1/2-1/2,9
1618,1903,0-1,9
1852,1524,1-0,9
1789,1462,1-0,9
1379,1763,1/2-1/2,9
1323,1926,1/2-1/2,9
1882,1449,1-0,9
1298,1638,0-1,9
2722,2071,1-0,1
2071,2715,0-1,1
2710,2069,1-0,1
2059,2709,0-1,1
2709,2059,1/2-1/2,1
2053,2688,0-1,1
2684,2050,1-0,1
2046,2678,0-1,1
2675,2044,1-0,1
2041,2644,0-1,1
2644,2028,1-0,1
2017,2643,0-1,1
2637,2016,1-0,1
1988,2566,0-1,1
2563,1980,1-0,1
1978,2556,0-1,1
2533,1969,1-0,1
1961,2531,1/2-1/2,1
2530,1960,1-0,1
1957,2509,0-1,1
2507,1953,1-0,1
1953,2501,0-1,1
2498,1949,1-0,1
1936,2496,0-1,1
2486,1935,1-0,1
1915,2485,0-1,1
2478,1910,1-0,1
1909,2473,1-0,1
2472,1909,1-0,1
1908,2468,0-1,1
2466,1903,1-0,1
1903,2462,0-1,1
2460,1903,1-0,1
2439,1896,1-0,1
1894,2435,0-1,1
2432,1888,1-0,1
1878,2431,0-1,1
2430,1873,1-0,1
1872,2421,0-1,1
2419,1871,1/2-1/2,1
1856,2411,0-1,1
2411,1853,1-0,1
1840,2407,0-1,1
2407,1840,1-0,1
1827,2405,0-1,1
2386,1823,1-0,1
1817,2375,0-1,1
2375,1811,1-0,1
1809,2369,0-1,1
2369,1792,1-0,1
1783,2364,1-0,1
2350,1766,1-0,1
1759,2335,0-1,1
2329,1759,1-0,1
1750,2314,0-1,1
2313,1747,1-0,1
1736,2312,0-1,1
2307,1734,1-0,1
1733,2302,0-1,1
2297,1731,1-0,1
1714,2284,0-1,1
2279,1695,1-0,1
1693,2274,0-1,1
2271,1693,1/2-1/2,1
1671,2269,0-1,1
2263,1661,1-0,1
1652,2260,0-1,1
2260,1646,1-0,1
1700,2280,0-1,1
2236,1623,1-0,1
1613,2235,0-1,1
2235,1610,1/2-1/2,1
1575,2226,0-1,1
1557,2223,0-1,1
2222,1542,1-0,1
1519,2212,0-1,1
2197,1479,1-0,1
2180,1451,1-0,1
1449,2169,0-1,1
1393,2141,0-1,1
2136,1370,1-0,1
1354,2135,0-1,1
2133,1331,1-0,1
2125,1251,1-0,1
1197,2125,0-1,1
2375,2722,0-1,2
2715,2386,1-0,2
2369,2710,1/2-1/2,2
2709,2375,1-0,2
2688,2369,1-0,2
2359,2684,0-1,2
2678,2362,1-0,2
2335,2675,0-1,2
2644,2350,1-0,2
2643,2329,1-0,2
2314,2637,0-1,2
2631,2313,0-1,2
2312,2622,1/2-1/2,2
2622,2297,1-0,2
2302,2609,0-1,2
2603,2281,1-0,2
2284,2602,0-1,2
2569,2279,1-0,2
2280,2568,1/2-1/2,2
2566,2263,1-0,2
2565,2260,1-0,2
2274,2563,0-1,2
2556,2236,1-0,2
2269,2533,0-1,2
2260,2530,1-0,2
2509,2222,1-0,2
2257,2507,1-0,2
2501,2211,1-0,2
2235,2498,0-1,2
2226,2486,1/2-1/2,2
2485,2197,1-0,2
2223,2478,0-1,2
2212,2472,1/2-1/2,2
2468,2180,1-0,2
2169,2466,0-1,2
2462,2148,1-0,2
2141,2460,1/2-1/2,2
2441,2133,1-0,2
2135,2439,0-1,2
2435,2125,1-0,2
2131,2432,1-0,2
2431,2125,1-0,2
2125,2430,0-1,2
2421,2090,1-0,2
2124,2414,0-1,2
2411,2075,1-0,2
2078,2411,0-1,2
2407,1909,1-0,2
2075,2407,0-1,2
2405,1783,1-0,2
1871,2709,0-1,2
2531,2235,1-0,2
1693,2419,0-1,2
1610,2271,0-1,2
2059,1961,1/2-1/2,2
2473,1840,1-0,2
2364,1827,1-0,2
1840,2072,1/2-1/2,2
2071,1817,1-0,2
1823,2071,0-1,2
2069,1809,1-0,2
1811,2053,0-1,2
2044,1759,1-0,2
1766,2041,0-1,2
2028,1750,1-0,2
1759,2017,0-1,2
2016,1736,1-0,2
2008,1733,1-0,2
1747,2000,0-1,2
1997,1714,1-0,2
1734,1992,1/2-1/2,2
1991,1700,1-0,2
1731,1990,1-0,2
1990,1693,1/2-1/2,2
1985,1671,1/2-1/2,2
1695,1985,0-1,2
1980,1652,1-0,2
1661,1978,0-1,2
1960,1613,1-0,2
1646,1957,1-0,2
1953,1575,1-0,2
1623,1953,0-1,2
1949,1557,1/2-1/2,2
1542,1936,1/2-1/2,2
1935,1519,0-1,2
1903,1449,1-0,2
1451,1903,0-1,2
1903,1393,1-0,2
1896,1354,1-0,2
1370,1894,0-1,2
1873,1197,1-0,2
1251,1872,0-1,2
1331,1878,0-1,2
1479,1908,1-0,2
2722,2485,1-0,3
2498,2715,0-1,3
2478,2709,0-1,3
2468,2688,0-1,3
2684,2462,1-0,3
2466,2678,0-1,3
2675,2441,1/2-1/2,3
2439,2644,0-1,3
2435,2643,0-1,3
2637,2431,1/2-1/2,3
2416,2710,1/2-1/2,3
2430,2622,0-1,3
2609,2421,1-0,3
2414,2603,1/2-1/2,3
2602,2411,1/2-1/2,3
2411,2569,1/2-1/2,3
2407,2566,1/2-1/2,3
2407,2565,1/2-1/2,3
2563,2405,1-0,3
2313,2556,1-0,3
2533,2260,1-0,3
2257,2509,0-1,3
2131,2501,0-1,3
2709,2369,1-0,3
2271,2644,1-0,3
2622,2307,1-0,3
2568,2312,1/2-1/2,3
2204,2566,0-1,3
2180,2531,0-1,3
2496,2280,1-0,3
2486,2212,1-0,3
2472,2226,1/2-1/2,3
2460,2136,1-0,3
2419,2141,1/2-1/2,3
2071,2631,0-1,3
2530,2069,1-0,3
2507,2059,1-0,3
2053,2473,0-1,3
2432,2050,1-0,3
2386,2046,1/2-1/2,3
2041,2375,1/2-1/2,3
2375,2044,1-0,3
2369,2028,1-0,3
2017,2364,0-1,3
2362,2016,1/2-1/2,3
1988,2359,0-1,3
2350,2008,1-0,3
1985,2335,0-1,3
2329,1997,1-0,3
1978,2314,0-1,3
1961,2302,1/2-1/2,3
2297,1991,1-0,3
1953,2284,1/2-1/2,3
2281,1980,1-0,3
2279,1969,1/2-1/2,3
1915,2274,1/2-1/2,3
1909,2269,0-1,3
2263,1960,1-0,3
2260,1953,1-0,3
2236,1910,0-1,3
1903,2235,0-1,3
2222,1903,1/2-1/2,3
2211,1903,1-0,3
2197,1896,1-0,3
2180,1894,1-0,3
1878,2169,1-0,3
2148,1888,1/2-1/2,3
1872,2135,1/2-1/2,3
2133,1873,1/2-1/2,3
1870,2125,1-0,3
2125,1853,1-0,3
1856,2124,0-1,3
2090,1731,1-0,3
2075,1479,1-0,3
1783,2075,1/2-1/2,3
1519,2071,0-1,3
2235,1734,1-0,3
2072,1693,1-0,3
1992,1646,1-0,3
1792,1990,1/2-1/2,3
1693,1985,0-1,3
1957,1610,1-0,3
2075,1479,1-0,3
1671,1949,1-0,3
1557,1909,0-1,3
1542,1871,0-1,3
1990,1661,1-0,3
1652,1935,0-1,3
1840,1623,1/2-1/2,3
1827,1613,1-0,3
1575,1823,1-0,3
1393,1766,0-1,3
1354,1759,0-1,3
1750,1370,0-1,3
1736,1331,1-0,3
1733,1251,1-0,3
2643,2722,1/2-1/2,4
2715,2622,1-0,4
2709,2609,1/2-1/2,4
2688,2563,1-0,4
2509,2684,1/2-1/2,4
2678,2533,1-0,4
2644,2313,1-0,4
2501,2709,1/2-1/2,4
2496,2675,1/2-1/2,4
2441,2637,0-1,4
2124,2416,1/2-1/2,4
2431,2622,1-0,4
2603,2460,1/2-1/2,4
2531,2602,1/2-1/2,4
2569,2414,1-0,4
2566,2411,1/2-1/2,4
2566,2407,1/2-1/2,4
2565,2271,1/2-1/2,4
2411,2486,0-1,4
2710,2407,1-0,4
2631,2329,1-0,4
2335,2568,0-1,4
2556,2297,1-0,4
2314,2530,0-1,4
2312,2507,0-1,4
2269,2498,1/2-1/2,4
2485,2263,1-0,4
2260,2478,1-0,4
2473,2260,1-0,4
2235,2472,1/2-1/2,4
2226,2468,1/2-1/2,4
2223,2466,0-1,4
2462,2211,1-0,4
2197,2439,0-1,4
2180,2435,0-1,4
2169,2432,0-1,4
2141,2430,0-1,4
2421,2131,1-0,4
2125,2419,0-1,4
2405,2125,1-0,4
2071,2375,0-1,4
1980,2369,0-1,4
2364,2090,1-0,4
2359,2075,1-0,4
1910,2350,1-0,4
2644,1870,1-0,4
2016,2386,0-1,4
2375,2072,1-0,4
2369,2041,1-0,4
2046,2362,0-1,4
2307,1992,1-0,4
2302,1953,1/2-1/2,4
2284,1961,1/2-1/2,4
2280,1936,1-0,4
2009,2279,1-0,4
2274,1872,1-0,4
2000,2235,0-1,4
1985,2222,1-0,4
2212,1915,1-0,4
1969,2204,0-1,4
1909,2180,1-0,4
1903,2148,1-0,4
2136,1783,1-0,4
2135,1671,1-0,4
1888,2133,0-1,4
1873,2078,1/2-1/2,4
1871,2281,1/2-1/2,4
2125,1878,1-0,4
1853,2071,1-0,4
2069,1856,1-0,4
2059,1827,1-0,4
1766,2053,0-1,4
2050,1817,1/2-1/2,4
2044,1792,1-0,4
2028,1759,1-0,4
1747,2017,0-1,4
2008,1736,1-0,4
1997,1733,1-0,4
1991,1731,1-0,4
1990,1714,1-0,4
1695,1988,0-1,4
1610,1978,1/2-1/2,4
1960,1700,1-0,4
1479,1957,1/2-1/2,4
1953,1519,1-0,4
1451,1909,0-1,4
1949,1693,1/2-1/2,4
1935,1575,1-0,4
1646,1840,1/2-1/2,4
1840,1652,0-1,4
1823,1557,1-0,4
1623,1809,1-0,4
1734,1449,1/2-1/2,4
1811,1354,1/2-1/2,4
1251,1759,1-0,4
1613,1197,1-0,4
2678,2715,1/2-1/2,5
2644,2688,1/2-1/2,5
2722,2569,1-0,5
2486,2709,0-1,5
2684,2501,1-0,5
2609,2643,1/2-1/2,5
2637,2509,1/2-1/2,5
2675,2431,1-0,5
2466,2710,1/2-1/2,5
2709,2473,1-0,5
2416,2212,1/2-1/2,5
2460,2631,1/2-1/2,5
2568,2432,0-1,5
2439,2603,0-1,5
2602,2435,1-0,5
2622,2462,1/2-1/2,5
2430,2566,0-1,5
2419,2566,0-1,5
2411,2565,1-0,5
2563,2421,1-0,5
2407,2556,0-1,5
2533,2405,1/2-1/2,5
2375,2531,1/2-1/2,5
2530,2364,1-0,5
2507,1910,1-0,5
2369,2496,0-1,5
2313,2485,1/2-1/2,5
2478,2359,1/2-1/2,5
2271,2441,1-0,5
2269,2644,0-1,5
2622,2257,1-0,5
2498,2226,1-0,5
2472,2136,1/2-1/2,5
2468,2235,1-0,5
2414,2135,1/2-1/2,5
2235,2411,0-1,5
2407,2124,1-0,5
2386,2075,1-0,5
2204,2375,0-1,5
2133,2369,1/2-1/2,5
2362,2009,1-0,5
1985,2307,0-1,5
1909,2280,0-1,5
1903,2274,0-1,5
2350,2069,1-0,5
2059,2335,0-1,5
2329,2044,1-0,5
2053,2314,0-1,5
2028,2312,0-1,5
2017,2302,0-1,5
2297,2008,1-0,5
1997,2284,0-1,5
2263,1991,1-0,5
1990,2260,1-0,5
2260,1990,1/2-1/2,5
2236,1980,1-0,5
1988,2223,0-1,5
2211,1960,0-1,5
1961,2197,0-1,5
1953,2180,1/2-1/2,5
1953,2169,0-1,5
1909,2141,0-1,5
2131,1903,1-0,5
1903,2125,1/2-1/2,5
1896,2125,0-1,5
2125,1894,1/2-1/2,5
2090,1873,1/2-1/2,5
2078,1871,0-1,5
2075,1853,0-1,5
1870,2071,0-1,5
2281,1936,1-0,5
2279,1935,1-0,5
2222,1915,1-0,5
2180,1888,1-0,5
2148,1872,1-0,5
1783,2050,0-1,5
1817,2046,0-1,5
2041,1823,1/2-1/2,5
1693,2016,0-1,5
1671,2000,0-1,5
1992,1610,1/2-1/2,5
1978,1479,0-1,5
1652,1969,0-1,5
1957,1623,1/2-1/2,5
1714,1949,1-0,5
1878,1700,1-0,5
1856,1661,1-0,5
1840,1613,1/2-1/2,5
1827,1646,1-0,5
1792,1542,1-0,5
1759,1451,1-0,5
1750,1449,1-0,5
1733,1370,1-0,5
1731,1251,1-0,5
1393,1840,0-1,5
1575,1811,1-0,5
1197,1331,0-1,5
2688,2722,1/2-1/2,6
2715,2684,1/2-1/2,6
2709,2678,0-1,6
2643,2644,1/2-1/2,6
2563,2709,1/2-1/2,6
2556,2675,1/2-1/2,6
2496,2637,0-1,6
2509,2609,1/2-1/2,6
2603,2530,1/2-1/2,6
2566,2507,1/2-1/2,6
2136,2416,0-1,6
2566,2271,1-0,6
2432,2602,1/2-1/2,6
2631,2411,1-0,6
2710,2462,1-0,6
2644,2460,1-0,6
2411,2622,0-1,6
2622,2407,1-0,6
2569,2386,1-0,6
2431,2533,0-1,6
2531,2362,1-0,6
2501,2313,1-0,6
2405,2498,0-1,6
2375,2486,1-0,6
2485,2375,0-1,6
2307,2478,0-1,6
2359,2468,1/2-1/2,6
2280,2466,0-1,6
2274,2568,0-1,6
2565,2302,1-0,6
2473,2297,1/2-1/2,6
2284,2472,0-1,6
2223,2439,0-1,6
2435,2263,1-0,6
2212,2430,1/2-1/2,6
2421,2236,1/2-1/2,6
2169,2419,0-1,6
2125,2414,0-1,6
2135,2407,0-1,6
2369,2197,1/2-1/2,6
2071,2369,1/2-1/2,6
2364,2133,1/2-1/2,6
1960,2350,0-1,6
2335,2131,0-1,6
1910,2329,0-1,6
2314,1990,1-0,6
2312,1871,1-0,6
1853,2279,0-1,6
2441,2090,1-0,6
2075,2281,0-1,6
2050,2269,1-0,6
2046,2260,1/2-1/2,6
2257,1985,1/2-1/2,6
2235,1953,1-0,6
1990,2235,0-1,6
2226,1909,1-0,6
2000,2222,0-1,6
2204,1903,0-1,6
1969,2180,0-1,6
1894,2148,1/2-1/2,6
1873,2125,0-1,6
1479,2125,0-1,6
2124,1903,1-0,6
2260,1909,1-0,6
2211,1896,1-0,6
1903,2078,0-1,6
1878,2075,0-1,6
2072,1870,0-1,6
2071,1856,1-0,6
2069,1827,1-0,6
1823,2053,0-1,6
1766,2028,1-0,6
1734,2017,1-0,6
2008,1792,0-1,6
1759,1997,0-1,6
1747,1992,1/2-1/2,6
1991,1750,1-0,6
1731,1988,0-1,6
1985,1733,1-0,6
1980,1714,1-0,6
1623,1961,0-1,6
1610,1953,1/2-1/2,6
1809,1978,1-0,6
1936,1783,1-0,6
1935,1695,1-0,6
1915,1693,1-0,6
1888,1671,1-0,6
1872,1652,1-0,6
1840,1575,1/2-1/2,6
1613,1817,0-1,6
1451,1354,1/2-1/2,6
1449,1908,0-1,6
1370,1759,1-0,6
1251,1736,0-1,6
1693,1393,1/2-1/2,6
1661,1331,0-1,6
2722,2678,1/2-1/2,7
2644,2715,1-0,7
2637,2688,1/2-1/2,7
2684,2566,1-0,7
2710,2566,1/2-1/2,7
2709,2563,1-0,7
2709,2556,1-0,7
2675,2531,0-1,7
2533,2644,0-1,7
2530,2643,1/2-1/2,7
2416,2271,1/2-1/2,7
2507,2631,0-1,7
2622,2509,1/2-1/2,7
2478,2622,0-1,7
2609,2501,0-1,7
2466,2603,1/2-1/2,7
2602,2375,1-0,7
2375,2569,0-1,7
2472,2432,1/2-1/2,7
2568,2411,1/2-1/2,7
2407,2565,1/2-1/2,7
2350,2496,0-1,7
2329,2468,0-1,7
2439,2359,1-0,7
2314,2435,0-1,7
2419,2312,1/2-1/2,7
2414,2131,1-0,7
2486,2297,1/2-1/2,7
2281,2485,0-1,7
2279,2473,0-1,7
2462,2280,1-0,7
2460,2274,0-1,7
2236,2441,0-1,7
2235,2431,0-1,7
2430,2226,1/2-1/2,7
2222,2421,1/2-1/2,7
2197,2411,0-1,7
2180,2405,0-1,7
2386,2212,1/2-1/2,7
2141,2369,1-0,7
2369,2133,1-0,7
2125,2364,0-1,7
2362,2071,1-0,7
2313,1903,1-0,7
2125,2307,0-1,7
2016,2335,0-1,7
2302,1991,1-0,7
2009,2284,0-1,7
2263,1990,1-0,7
1997,2260,0-1,7
2260,1985,1-0,7
1988,2257,0-1,7
1985,2223,0-1,7
2180,1980,1-0,7
1961,2169,1-0,7
2148,1960,1-0,7
1957,2136,0-1,7
1910,2135,0-1,7
2078,1894,1-0,7
1871,2071,1/2-1/2,7
1870,2069,0-1,7
2053,1853,0-1,7
1792,2046,0-1,7
1766,2044,1-0,7
2041,1734,1-0,7
2269,1915,1-0,7
1909,2204,0-1,7
2090,1888,1-0,7
1903,2075,0-1,7
1873,2000,1-0,7
1992,1872,1-0,7
1817,1990,0-1,7
1969,1809,1-0,7
1953,1747,1-0,7
1953,1479,1-0,7
1610,1935,0-1,7
1750,2072,0-1,7
2059,1759,1-0,7
2028,1731,1-0,7
2017,1646,1-0,7
1714,2008,1-0,7
1736,1949,1/2-1/2,7
1908,1623,1/2-1/2,7
1733,1903,0-1,7
1896,1557,1-0,7
1575,1878,0-1,7
1856,1542,1-0,7
1519,1840,1/2-1/2,7
1331,1978,0-1,7
1693,1451,1/2-1/2,7
1671,1693,1/2-1/2,7
1393,1613,1-0,7
1652,1759,1/2-1/2,7
2678,2644,1/2-1/2,8
2688,2684,1/2-1/2,8
2631,2722,1/2-1/2,8
2622,2709,1/2-1/2,8
2569,2709,0-1,8
2644,2602,0-1,8
2531,2637,1/2-1/2,8
2501,2715,1-0,8
2498,2710,0-1,8
2643,2496,0-1,8
2565,2416,1-0,8
2468,2622,1/2-1/2,8
2435,2603,1/2-1/2,8
2566,2466,1-0,8
2566,2439,1/2-1/2,8
2432,2530,1/2-1/2,8
2509,2414,0-1,8
2411,2675,0-1,8
2411,2609,1/2-1/2,8
2405,2568,1/2-1/2,8
2375,2563,1/2-1/2,8
2556,2375,0-1,8
2369,2533,1/2-1/2,8
2364,2507,0-1,8
2485,2407,1/2-1/2,8
2312,2478,1/2-1/2,8
2473,2369,1-0,8
2307,2472,1-0,8
2462,2362,1-0,8
2441,2313,1-0,8
2274,2431,1/2-1/2,8
2271,2419,0-1,8
2223,2486,0-1,8
2222,2430,0-1,8
2421,2180,1-0,8
2407,2148,1-0,8
2136,2386,0-1,8
2359,2125,1/2-1/2,8
2212,2350,1/2-1/2,8
2335,2124,1/2-1/2,8
2135,2329,0-1,8
2131,2314,1-0,8
2302,2078,1-0,8
2297,2075,1-0,8
2284,2050,1-0,8
2069,2263,0-1,8
2260,2041,1-0,8
1853,2260,0-1,8
2257,1961,1-0,8
2046,2235,1-0,8
2226,1766,1-0,8
2125,2460,0-1,8
2090,2281,1-0,8
2280,1992,1-0,8
2075,2279,0-1,8
2071,2269,0-1,8
2071,2236,0-1,8
2235,1969,1-0,8
1990,2211,1-0,8
2204,1953,1-0,8
2197,1953,1/2-1/2,8
1936,2180,1-0,8
1903,2141,1/2-1/2,8
2133,1935,0-1,8
1871,2125,1-0,8
2169,1873,1-0,8
2072,1910,0-1,8
1909,2059,0-1,8
1903,2053,1-0,8
2044,1896,1-0,8
1894,2017,0-1,8
2016,1878,1-0,8
1991,1870,1-0,8
1990,1856,1-0,8
1823,1988,1/2-1/2,8
1985,1792,1-0,8
1960,1714,1-0,8
1734,1957,0-1,8
1817,2009,0-1,8
1978,1736,1/2-1/2,8
1949,1809,1-0,8
1747,1909,0-1,8
1610,1908,0-1,8
1623,1903,1-0,8
1888,1519,1-0,8
1479,1840,0-1,8
2008,1393,1-0,8
1646,1811,0-1,8
1557,1750,1-0,8
1542,1733,1-0,8
1700,1451,0-1,8
1449,1693,0-1,8
1370,1671,0-1,8
1661,1354,0-1,8
1331,1652,0-1,8
1759,1575,1/2-1/2,8
2709,2678,0-1,9
2684,2602,1-0,9
2644,2501,1/2-1/2,9
2722,2622,1-0,9
2710,2631,0-1,9
2709,2531,1-0,9
2496,2688,1/2-1/2,9
2637,2566,1-0,9
2414,2644,0-1,9
2675,2468,1/2-1/2,9
2416,2235,1-0,9
2622,2462,1-0,9
2603,2441,0-1,9
2439,2569,1/2-1/2,9
2566,2435,1/2-1/2,9
2419,2565,1/2-1/2,9
2530,2307,1-0,9
2507,2432,0-1,9
2375,2473,0-1,9
2715,2407,1-0,9
2405,2643,1/2-1/2,9
2609,2375,1-0,9
2568,2369,1-0,9
2563,2312,1-0,9
2533,2302,1-0,9
2386,2509,0-1,9
2329,2498,0-1,9
2486,2284,1-0,9
2297,2485,1/2-1/2,9
2478,2274,1-0,9
2466,2260,1-0,9
2431,2257,1-0,9
2430,2131,1-0,9
2263,2421,1-0,9
2260,2411,0-1,9
2407,2226,1/2-1/2,9
2460,2046,1-0,9
2269,2556,0-1,9
2472,2271,1-0,9
2236,2411,1/2-1/2,9
2369,2212,1/2-1/2,9
2125,2364,1-0,9
2362,2204,1-0,9
2124,2359,1-0,9
2350,2090,1/2-1/2,9
1935,2335,0-1,9
2313,1990,1-0,9
1871,2280,0-1,9
2279,1936,1-0,9
2314,2016,1-0,9
2235,1991,1-0,9
2017,2223,0-1,9
1997,2222,1-0,9
1985,2197,1/2-1/2,9
2180,1990,1/2-1/2,9
1957,2169,0-1,9
2148,1985,1/2-1/2,9
2141,1980,1/2-1/2,9
1961,2136,1/2-1/2,9
1953,2135,1/2-1/2,9
2078,1960,0-1,9
2075,1903,1/2-1/2,9
1766,2069,1-0,9
2059,1903,1/2-1/2,9
1910,2044,0-1,9
2041,1853,1-0,9
2281,1949,1-0,9
1969,2211,0-1,9
2180,1908,1-0,9
1953,2133,0-1,9
1909,2125,1/2-1/2,9
1873,2075,0-1,9
1840,2071,0-1,9
1827,2071,0-1,9
2009,1888,0-1,9
1992,1840,1-0,9
1988,1623,1-0,9
2028,1823,1-0,9
2053,1736,0-1,9
1693,2008,0-1,9
1714,1978,0-1,9
1671,1909,1/2-1/2,9
1896,1734,0-1,9
1652,1894,1/2-1/2,9
1878,1731,1-0,9
1856,1557,1-0,9
1811,1542,1-0,9
1792,1354,1-0,9
1903,1479,0-1,9
1575,1817,0-1,9
1613,1759,1-0,9
1519,1759,1/2-1/2,9
1393,1747,0-1,9
1783,1449,1-0,9
1750,1331,1-0,9
1197,1370,0-1,9
2678,2684,1/2-1/2,10
2637,2722,1/2-1/2,10
2501,2709,1/2-1/2,10
2631,2644,1-0,10
2441,2709,0-1,10
2688,2530,1/2-1/2,10
2644,2496,1-0,10
2432,2622,1-0,10
2602,2473,1-0,10
2715,2486,1-0,10
2280,2416,1/2-1/2,10
2509,2710,0-1,10
2498,2675,1/2-1/2,10
2622,2466,1-0,10
2478,2609,0-1,10
2569,2431,1-0,10
2468,2568,1/2-1/2,10
2566,2439,1/2-1/2,10
2430,2566,1/2-1/2,10
2565,2414,1/2-1/2,10
2435,2563,0-1,10
2411,2533,1/2-1/2,10
2531,2419,1-0,10
2643,2263,1/2-1/2,10
2603,2375,1-0,10
2556,2362,1/2-1/2,10
2335,2507,0-1,10
2485,2279,0-1,10
2313,2472,0-1,10
2462,2297,1-0,10
2307,2460,1-0,10
2407,2125,1/2-1/2,10
2226,2405,0-1,10
2421,2124,1-0,10
2411,2257,1/2-1/2,10
2407,2236,1-0,10
2223,2386,0-1,10
2375,2235,1-0,10
2369,2212,0-1,10
2169,2369,1/2-1/2,10
2131,2350,1-0,10
2046,2329,0-1,10
2044,2314,1/2-1/2,10
2312,2090,1-0,10
2302,2050,1/2-1/2,10
2284,2041,1-0,10
2274,1997,1/2-1/2,10
2260,1766,0-1,10
1960,2260,0-1,10
2364,2071,1-0,10
2071,2359,0-1,10
1990,2281,1-0,10
2271,2059,1-0,10
1990,2269,1-0,10
2235,1992,1-0,10
2211,1988,1/2-1/2,10
2204,1985,0-1,10
2204,1985,0-1,10
1985,2197,0-1,10
1980,2180,0-1,10
1903,2180,0-1,10
1936,2148,0-1,10
1903,2141,0-1,10
2136,1953,1-0,10
2135,1961,1/2-1/2,10
2133,1871,1-0,10
1888,2075,1/2-1/2,10
2075,1935,1/2-1/2,10
2125,1878,1-0,10
1872,2078,1/2-1/2,10
2072,1909,1-0,10
1853,2028,1/2-1/2,10
2008,1856,1-0,10
1991,1811,0-1,10
1978,1792,1/2-1/2,10
1736,1957,1/2-1/2,10
1734,1910,0-1,10
1827,2009,0-1,10
1823,1969,0-1,10
1623,1953,0-1,10
1949,1817,0-1,10
1613,1909,0-1,10
1908,1671,1-0,10
2706,2056,1-0,1
2687,2051,1-0,1
2657,2048,1-0,1
2646,2044,1-0,1
2631,2038,1-0,1
2033,2623,0-1,1
2603,2027,1-0,1
2027,2600,0-1,1
2022,2587,0-1,1
2011,2541,0-1,1
2528,2008,1-0,1
2506,2007,1-0,1
2005,2503,0-1,1
2501,2004,1-0,1
1994,2487,0-1,1
1980,2460,0-1,1
2456,1967,1-0,1
1967,2456,0-1,1
1963,2444,0-1,1
2441,1961,1-0,1
1958,2439,0-1,1
2435,1953,1-0,1
1953,2430,0-1,1
1927,2395,0-1,1
2382,1901,1-0,1
1897,2376,0-1,1
2362,1895,1-0,1
1886,2359,0-1,1
2317,1865,1-0,1
2314,1854,1-0,1
1853,2308,0-1,1
1844,2303,0-1,1
1829,2294,0-1,1
2290,1822,1/2-1/2,1
1812,2285,0-1,1
2269,1802,1-0,1
2249,1738,1-0,1
1737,2248,0-1,1
2244,1736,1-0,1
1710,2237,1/2-1/2,1
1704,2233,1/2-1/2,1
2229,1703,0-1,1
1663,2208,1/2-1/2,1
1654,2205,1/2-1/2,1
2173,1595,1-0,1
2158,1530,1-0,1
2135,1475,1-0,1
2126,1470,1-0,1
2123,1450,1-0,1
1349,2105,0-1,1
1234,2104,0-1,1
2055,2700,1/2-1/2,1
2049,2681,0-1,1
2044,2651,0-1,1
2042,2646,0-1,1
2546,2019,1-0,1
2599,2026,1-0,1
2007,2511,0-1,1
1999,2496,0-1,1
2495,1998,1-0,1
1997,2493,0-1,1
2490,1996,1-0,1
2479,1993,1-0,1
1992,2466,0-1,1
2463,1985,1-0,1
2447,1964,1-0,1
2427,1953,1-0,1
1948,2423,0-1,1
2418,1940,1-0,1
1938,2408,0-1,1
2398,1933,1-0,1
2394,1923,1-0,1
1922,2389,0-1,1
2385,1921,0-1,1
1915,2385,1/2-1/2,1
1893,2362,0-1,1
2360,1890,1-0,1
2345,1883,1/2-1/2,1
1882,2341,0-1,1
2325,1875,1-0,1
1867,2323,0-1,1
1862,2314,0-1,1
2308,1845,1-0,1
2299,1830,0-1,1
2274,1810,1-0,1
1803,2270,0-1,1
1782,2257,0-1,1
2255,1761,1-0,1
1759,2254,0-1,1
2253,1756,1-0,1
1754,2251,0-1,1
1729,2239,0-1,1
2237,1705,1-0,1
2212,1677,1-0,1
1669,2209,0-1,1
2209,1668,1-0,1
2207,1662,1-0,1
2198,1650,1-0,1
1649,2196,0-1,1
2191,1618,1-0,1
1618,2187,0-1,1
2180,1599,1-0,1
1598,2176,0-1,1
1557,2162,0-1,1
1526,2155,0-1,1
2155,1512,1-0,1
1510,2143,0-1,1
1471,2130,0-1,1
1437,2117,1-0,1
2116,1425,1-0,1
1424,2115,0-1,1
2105,1404,1-0,1
2104,1309,1-0,1
2102,1175,1-0,1
2303,2706,0-1,2
2294,2687,0-1,2
2681,2308,1-0,2
2285,2657,0-1,2
2651,2274,1-0,2
2270,2646,0-1,2
2646,2255,1-0,2
2257,2631,1-0,2
2623,2253,1-0,2
2254,2603,0-1,2
2600,2249,1-0,2
2248,2546,1/2-1/2,2
2251,2599,0-1,2
2587,2244,1-0,2
2239,2528,1/2-1/2,2
2511,2237,1-0,2
2215,2506,1/2-1/2,2
2503,2237,1/2-1/2,2
2209,2501,0-1,2
2496,2212,1-0,2
2187,2495,1/2-1/2,2
2493,2209,1-0,2
2487,2207,1-0,2
2185,2479,1/2-1/2,2
2466,2198,1-0,2
2460,2191,1-0,2
2176,2456,0-1,2
2456,2180,1/2-1/2,2
2162,2447,1-0,2
2444,2173,1-0,2
2155,2441,0-1,2
2439,2158,1-0,2
2143,2435,1/2-1/2,2
2430,2155,1-0,2
2130,2427,0-1,2
2423,2135,1-0,2
2124,2418,1/2-1/2,2
2408,2126,1-0,2
2115,2398,1/2-1/2,2
2395,2123,1-0,2
2105,2394,0-1,2
2389,2105,1-0,2
2104,2382,0-1,2
2376,2104,1-0,2
2099,2362,0-1,2
2362,2102,1/2-1/2,2
2093,2360,1-0,2
2359,2101,1/2-1/2,2
2341,2097,1-0,2
2066,2325,0-1,2
2323,2080,1-0,2
1921,2317,0-1,2
2314,2066,1-0,2
1830,2314,1/2-1/2,2
2308,1437,1-0,2
1703,2290,0-1,2
2700,1710,1-0,2
2385,1704,1-0,2
2237,1663,1-0,2
2233,1654,1-0,2
2208,1636,1-0,2
1822,2055,0-1,2
1804,1915,1/2-1/2,2
1883,1624,1-0,2
1875,2385,0-1,2
1865,2299,1/2-1/2,2
1854,2229,1-0,2
2117,1867,1/2-1/2,2
2056,1862,1/2-1/2,2
2051,1853,1-0,2
1845,2049,0-1,2
2048,1844,0-1,2
2044,1829,1-0,2
1810,2042,1/2-1/2,2
2038,1812,1-0,2
1802,2033,0-1,2
2027,1803,1-0,2
1761,2027,1-0,2
2026,1782,1-0,2
1756,2022,1-0,2
2019,1759,1/2-1/2,2
1738,2011,1/2-1/2,2
2008,1754,1-0,2
1736,2007,1/2-1/2,2
2007,1729,1/2-1/2,2
2004,1705,1/2-1/2,2
1677,1999,0-1,2
1668,1997,0-1,2
1996,1662,1-0,2
1650,1994,0-1,2
1993,1649,1-0,2
1618,1992,0-1,2
1985,1618,1-0,2
1599,1980,0-1,2
1967,1598,1-0,2
1595,1967,0-1,2
1964,1557,1-0,2
1530,1963,0-1,2
1961,1512,1-0,2
1475,1958,0-1,2
1953,1510,0-1,2
1470,1953,0-1,2
1953,1471,1-0,2
1450,1948,0-1,2
1425,1938,0-1,2
1933,1424,1-0,2
1309,1927,0-1,2
1175,1922,0-1,2
1901,1234,1-0,2
2162,2444,0-1,3
2700,2093,1-0,3
2541,2248,1-0,3
2528,2237,1-0,3
2506,2233,1-0,3
2215,2503,0-1,3
2495,2208,1-0,3
2237,2490,1/2-1/2,3
2479,2187,1-0,3
2196,2463,0-1,3
2456,2185,1-0,3
2435,2124,1/2-1/2,3
2418,2143,1-0,3
2398,2116,1-0,3
2180,2385,0-1,3
2101,2362,0-1,3
2055,2359,0-1,3
2314,2115,1-0,3
2290,1883,1/2-1/2,3
2101,2269,0-1,3
2631,1830,1-0,3
2447,2038,1-0,3
2385,2033,1/2-1/2,3
2360,2027,1-0,3
2005,2345,1/2-1/2,3
2308,2026,1-0,3
1999,2303,0-1,3
1997,2294,0-1,3
1994,2285,1-0,3
2274,2008,1-0,3
1992,2270,0-1,3
2255,1998,1-0,3
1980,2254,0-1,3
2253,1996,1/2-1/2,3
1967,2251,0-1,3
2249,1993,1-0,3
2244,1985,1/2-1/2,3
2237,1967,1-0,3
2212,1964,1-0,3
1963,2209,0-1,3
2209,1961,0-1,3
2205,1953,1-0,3
2198,1940,0-1,3
2191,1938,1-0,3
1958,2176,1/2-1/2,3
2173,1933,0-1,3
2158,1923,1-0,3
1953,2155,0-1,3
2155,1921,1-0,3
2135,1901,1-0,3
1948,2130,0-1,3
2126,1895,1-0,3
2123,1890,1-0,3
2105,1854,1-0,3
1927,2105,1-0,3
2104,1804,1-0,3
1922,2104,0-1,3
1915,2099,0-1,3
2097,1761,0-1,3
2080,1756,1/2-1/2,3
1893,2066,0-1,3
2066,1703,1-0,3
1844,2051,1/2-1/2,3
1510,2044,0-1,3
1437,2056,1-0,3
2299,1737,1-0,3
1729,2117,0-1,3
1710,2044,1/2-1/2,3
2042,1736,1-0,3
1705,2019,0-1,3
2011,1669,1-0,3
2007,1526,1/2-1/2,3
1704,2007,0-1,3
1663,2004,0-1,3
1654,1897,1-0,3
1886,1349,1-0,3
1636,1865,1-0,3
1624,1822,1-0,3
1404,1810,0-1,3
2229,1649,1-0,3
1618,2048,0-1,3
2027,1618,1-0,3
2022,1599,1-0,3
1882,1595,1-0,3
1557,1875,1-0,3
1853,1530,1-0,3
1512,1845,0-1,3
1829,1475,1-0,3
1812,1471,1-0,3
1803,1470,1-0,3
1782,1450,1-0,3
1754,1309,1/2-1/2,3
1424,1677,1-0,3
1234,1650,0-1,3
2706,2439,0-1,3
2687,2430,1-0,3
2441,2681,0-1,3
2657,2423,1-0,3
2427,2651,1/2-1/2,3
2646,2408,1-0,3
2395,2646,0-1,3
2603,2389,1-0,3
2394,2600,0-1,3
2599,2376,1-0,3
2382,2587,0-1,3
2546,2239,1-0,3
2362,2511,1/2-1/2,3
2501,2341,1/2-1/2,3
2325,2496,1/2-1/2,3
2323,2493,1/2-1/2,3
2317,2487,0-1,3
2314,2466,1-0,3
2308,2460,0-1,3
2456,2257,1/2-1/2,3
2587,2687,1-0,4
2681,2599,1-0,4
2487,2657,1/2-1/2,4
2646,2460,1-0,4
2503,2362,1/2-1/2,4
2269,2501,1/2-1/2,4
2496,2314,1-0,4
2341,2495,0-1,4
2257,2479,0-1,4
2444,2603,0-1,4
2600,2314,1-0,4
2439,2623,1/2-1/2,4
2463,2700,0-1,4
2651,2456,1/2-1/2,4
2385,2541,1/2-1/2,4
2362,2528,1/2-1/2,4
2418,2546,1-0,4
2511,2398,1-0,4
2359,2506,1-0,4
2706,2325,1-0,4
2490,2205,1-0,4
2185,2447,0-1,4
2441,2162,1/2-1/2,4
2430,2135,1-0,4
2408,2123,1-0,4
2102,2382,0-1,4
2104,2360,1-0,4
2303,2104,1/2-1/2,4
2294,2066,1-0,4
1961,2274,0-1,4
2254,1994,1/2-1/2,4
1761,2212,0-1,4
2051,2299,0-1,4
2033,2253,1/2-1/2,4
2248,2042,1-0,4
2019,2244,1-0,4
2239,2011,1-0,4
2233,1958,1-0,4
2208,1886,1/2-1/2,4
2207,1867,1-0,4
1830,2180,0-1,4
2143,1759,1-0,4
2117,1654,1-0,4
2116,1636,1/2-1/2,4
1810,2101,0-1,4
2285,1915,1-0,4
1923,2229,0-1,4
1895,2173,0-1,4
2105,1893,1-0,4
1890,2097,0-1,4
2044,1853,1-0,4
2038,1803,1/2-1/2,4
2026,1754,1-0,4
1845,2022,0-1,4
1804,2007,0-1,4
1998,1557,1-0,4
1703,1997,1/2-1/2,4
1650,1980,1-0,4
1964,1510,1-0,4
1526,1963,0-1,4
1475,1953,0-1,4
2056,1663,1-0,4
1865,1404,1-0,4
1822,1349,1-0,4
1875,1530,1-0,4
1471,1829,0-1,4
1802,1470,1/2-1/2,4
1677,1450,1/2-1/2,4
1618,1309,1-0,4
1175,1618,0-1,4
1599,1234,1-0,4
2209,2631,0-1,4
2466,2191,1/2-1/2,4
2158,2456,0-1,4
2155,2435,0-1,4
2423,2155,1-0,4
2130,2395,0-1,4
2124,2394,1-0,4
2389,2126,1-0,4
2376,2105,1-0,4
2099,2317,1/2-1/2,4
2093,2308,0-1,4
2066,2308,0-1,4
2044,2290,0-1,4
2270,2049,1/2-1/2,4
1940,2255,0-1,4
2251,1437,1-0,4
1933,2237,0-1,4
1883,2237,1/2-1/2,4
2385,1927,1-0,4
2345,2055,1-0,4
2237,2005,1-0,4
2004,2215,0-1,4
1985,2196,1-0,4
2187,1862,1-0,4
2176,1844,0-1,4
2115,1624,1-0,4
1756,2101,0-1,4
1738,2080,0-1,4
1921,2209,0-1,4
1901,2198,0-1,4
2048,1882,1-0,4
2027,1812,1-0,4
1854,2027,1-0,4
2008,1710,1/2-1/2,4
1662,1992,1/2-1/2,4
1938,1424,1-0,4
1897,1598,1-0,4
1649,1425,1-0,4
2603,2681,1-0,5
2600,2646,0-1,5
2657,2587,1-0,5
2700,2487,1-0,5
2479,2646,0-1,5
2439,2511,1/2-1/2,5
2496,2418,1/2-1/2,5
2495,2359,1/2-1/2,5
2395,2706,0-1,5
2687,2408,1-0,5
2382,2651,0-1,5
2546,2233,1-0,5
2631,2389,1-0,5
2623,2385,1-0,5
2599,2362,1/2-1/2,5
2541,2376,1-0,5
2528,2323,1-0,5
2314,2503,0-1,5
2501,2362,1-0,5
2493,2308,1/2-1/2,5
2308,2490,0-1,5
2460,2294,1/2-1/2,5
2456,2269,1-0,5
2456,2251,1-0,5
2447,2124,1/2-1/2,5
2290,2444,0-1,5
2435,2104,1-0,5
2255,2427,1/2-1/2,5
2237,2423,0-1,5
2212,2466,0-1,5
2506,2207,1-0,5
2215,2463,1/2-1/2,5
2191,2441,0-1,5
2398,2187,1-0,5
2180,2385,0-1,5
2162,2345,1/2-1/2,5
2143,2341,1/2-1/2,5
2325,2117,1-0,5
2317,2115,1/2-1/2,5
2314,2099,1-0,5
2101,2303,0-1,5
2299,2019,1-0,5
2104,2270,1/2-1/2,5
2101,2257,0-1,5
2080,2254,1-0,5
2049,2249,1/2-1/2,5
1994,2248,1-0,5
1883,2239,0-1,5
1844,2237,1-0,5
2237,1985,1-0,5
2394,2048,1-0,5
2360,2044,1/2-1/2,5
2022,2285,1/2-1/2,5
2253,2044,1-0,5
2229,2033,1-0,5
2007,2209,1/2-1/2,5
2209,2027,1-0,5
2007,2208,0-1,5
2205,2026,1/2-1/2,5
2198,1967,1-0,5
1999,2185,1/2-1/2,5
2173,1964,1-0,5
1996,2158,0-1,5
1963,2155,0-1,5
2155,1961,0-1,5
2135,1953,1/2-1/2,5
1953,2130,1/2-1/2,5
2126,1940,0-1,5
2123,1938,1-0,5
1948,2116,0-1,5
2105,1933,1/2-1/2,5
1886,2105,0-1,5
1927,2102,0-1,5
2097,1854,1-0,5
1636,2093,1/2-1/2,5
1437,2066,0-1,5
2066,1761,1-0,5
2244,1650,1-0,5
2196,1865,1-0,5
1862,2176,0-1,5
1803,2056,1-0,5
2055,1830,1-0,5
1759,2051,0-1,5
2042,1822,1/2-1/2,5
1729,2038,0-1,5
2011,1810,1-0,5
1704,2008,1/2-1/2,5
2005,1782,1/2-1/2,5
1710,2004,0-1,5
1997,1756,0-1,5
1993,1738,1/2-1/2,5
1992,1737,1/2-1/2,5
1669,1967,0-1,5
1958,1736,1/2-1/2,5
1953,1705,1/2-1/2,5
1654,1922,0-1,5
1624,1897,1-0,5
1867,1703,1-0,5
2027,1662,1/2-1/2,5
1668,1923,0-1,5
1915,1649,1-0,5
1618,1901,1-0,5
1618,1895,1/2-1/2,5
1557,1890,0-1,5
1882,1599,0-1,5
1510,1875,0-1,5
1853,1595,1/2-1/2,5
1829,1526,1-0,5
1424,1804,0-1,5
1663,1475,1/2-1/2,5
1349,1802,0-1,5
1530,1234,1-0,5
1309,1471,0-1,5
1425,1175,1-0,5
2274,2430,1/2-1/2,5
2646,2603,1/2-1/2,6
2646,2700,1/2-1/2,6
2687,2657,0-1,6
2706,2501,1-0,6
2681,2496,1-0,6
2651,2495,1-0,6
2490,2631,1/2-1/2,6
2623,2456,1-0,6
2444,2600,1-0,6
2587,2439,1/2-1/2,6
2423,2541,1/2-1/2,6
2314,2546,0-1,6
2359,2528,1/2-1/2,6
2511,2435,1/2-1/2,6
2503,2418,0-1,6
2325,2599,0-1,6
2308,2506,1/2-1/2,6
2303,2493,0-1,6
2487,2299,1-0,6
2294,2479,0-1,6
2466,2274,1-0,6
2460,2255,1-0,6
2257,2447,0-1,6
2239,2441,1-0,6
2430,2237,1-0,6
2427,2080,1-0,6
2124,2398,0-1,6
2385,1994,1-0,6
2362,1844,1-0,6
2463,2212,1-0,6
2408,2215,1-0,6
2208,2395,0-1,6
2155,2394,0-1,6
2389,2209,1/2-1/2,6
2385,2198,1-0,6
2116,2382,0-1,6
2376,2173,1-0,6
2362,2162,0-1,6
2345,2158,1-0,6
2341,2123,0-1,6
2323,2143,1-0,6
2105,2317,1-0,6
2115,2314,1-0,6
2104,2308,0-1,6
2102,2290,1-0,6
2270,2097,1-0,6
2269,2104,1-0,6
2066,2253,1/2-1/2,6
2251,2049,1-0,6
2249,2066,1-0,6
1961,2237,0-1,6
1940,2229,0-1,6
2051,2360,0-1,6
2285,2093,1-0,6
2254,2055,1/2-1/2,6
2248,2044,1-0,6
2038,2244,1-0,6
2237,2022,1-0,6
2233,2011,1-0,6
2209,1999,1/2-1/2,6
2207,2007,1/2-1/2,6
2019,2205,0-1,6
2026,2196,1/2-1/2,6
2004,2191,0-1,6
2187,1998,1-0,6
2185,1953,0-1,6
1985,2180,1/2-1/2,6
2176,1883,0-1,6
1967,2135,1/2-1/2,6
2130,1867,1-0,6
2117,1636,1-0,6
1953,2105,1-0,6
1933,2101,1-0,6
1922,2101,0-1,6
2099,1624,1-0,6
1890,2155,1-0,6
2044,1886,1-0,6
1875,2042,0-1,6
2033,1854,1-0,6
2027,1829,1/2-1/2,6
2008,1812,1-0,6
1822,2007,0-1,6
1804,2005,0-1,6
1782,1996,0-1,6
1761,1993,1/2-1/2,6
1738,1992,1-0,6
1737,1980,1/2-1/2,6
1967,1704,1-0,6
1964,1618,0-1,6
1736,1963,1/2-1/2,6
1705,1958,1/2-1/2,6
1662,1948,0-1,6
1650,1927,0-1,6
1923,1437,1-0,6
1599,1915,0-1,6
2056,1729,1-0,6
1703,2027,1/2-1/2,6
1598,1997,0-1,6
1595,1921,0-1,6
1897,1710,1/2-1/2,6
1895,1669,1-0,6
1893,1654,1/2-1/2,6
1865,1618,1/2-1/2,6
1475,1862,1/2-1/2,6
1470,1853,0-1,6
1830,1512,1-0,6
1810,1450,1-0,6
1901,1557,1-0,6
1530,1882,1/2-1/2,6
1845,1425,0-1,6
1526,1668,0-1,6
1471,1663,0-1,6
1649,1424,1-0,6
2657,2646,1-0,7
2603,2706,0-1,7
2700,2623,1-0,7
2681,2646,1/2-1/2,7
2418,2651,1/2-1/2,7
2631,2444,1/2-1/2,7
2599,2456,1/2-1/2,7
2447,2587,0-1,7
2541,2427,1/2-1/2,7
2528,2423,1/2-1/2,7
2511,2385,1/2-1/2,7
2546,2430,1-0,7
2493,2362,0-1,7
2439,2490,1-0,7
2435,2487,1/2-1/2,7
2479,2359,1-0,7
2398,2466,0-1,7
2239,2460,1-0,7
2345,2687,0-1,7
2600,2323,1/2-1/2,7
2506,2270,1/2-1/2,7
2308,2503,1/2-1/2,7
2501,2308,1-0,7
2496,2269,1-0,7
2495,2251,1/2-1/2,7
2237,2463,1/2-1/2,7
2456,2249,1/2-1/2,7
2229,2408,0-1,7
2395,2115,1-0,7
2394,2102,1-0,7
2162,2385,1-0,7
2382,2105,1-0,7
2123,2376,0-1,7
2441,2187,1-0,7
2205,2389,1/2-1/2,7
2360,2130,0-1,7
2209,2325,1/2-1/2,7
2191,2314,1/2-1/2,7
2124,2303,0-1,7
2299,2117,1-0,7
2101,2294,0-1,7
2080,2285,0-1,7
2274,2099,1/2-1/2,7
1994,2257,0-1,7
2255,2066,1/2-1/2,7
2253,2038,1-0,7
1953,2248,1-0,7
1883,2237,1/2-1/2,7
2237,1953,0-1,7
1844,2233,0-1,7
2317,1933,1-0,7
2042,2362,0-1,7
2007,2341,1-0,7
2314,2044,1-0,7
2290,2033,1-0,7
2007,2254,1/2-1/2,7
2215,2026,1-0,7
2212,2008,1-0,7
2005,2209,1/2-1/2,7
1999,2208,0-1,7
1996,2207,1/2-1/2,7
2198,1985,1-0,7
2196,1967,1-0,7
2180,1961,1-0,7
2173,1948,1/2-1/2,7
1927,2155,0-1,7
2135,1940,1-0,7
1915,2116,1/2-1/2,7
1756,2104,0-1,7
2097,1923,1/2-1/2,7
2066,1890,1-0,7
2055,1803,0-1,7
2049,1738,1-0,7
1618,2185,0-1,7
2244,1963,1-0,7
1953,2176,0-1,7
1921,2126,1/2-1/2,7
2105,1938,1-0,7
2101,1922,1-0,7
2093,1895,1/2-1/2,7
1867,2056,1-0,7
1754,2051,0-1,7
2048,1853,1-0,7
2044,1830,1/2-1/2,7
1759,2027,1-0,7
2022,1810,1-0,7
1636,2019,1-0,7
2011,1802,0-1,7
1624,2004,1-0,7
1998,1761,1-0,7
1997,1737,0-1,7
1993,1736,1-0,7
2155,1703,1-0,7
2027,1650,1-0,7
1704,1964,1-0,7
1668,1901,0-1,7
1663,1897,1/2-1/2,7
1662,1893,1-0,7
1886,1649,1-0,7
1654,1875,0-1,7
1862,1599,1/2-1/2,7
1812,1475,1-0,7
1618,1804,1-0,7
1425,1782,0-1,7
1882,1510,1/2-1/2,7
1729,1470,1-0,7
1424,1845,0-1,7
1677,1471,1-0,7
1557,1309,0-1,7
1234,1526,0-1,7
2657,2700,0-1,8
2651,2706,1/2-1/2,8
2466,2681,0-1,8
2646,2439,1/2-1/2,8
2646,2479,1/2-1/2,8
2362,2603,0-1,8
2587,2418,1-0,8
2444,2546,0-1,8
2623,2239,1-0,8
2687,2435,1/2-1/2,8
2427,2631,0-1,8
2423,2599,0-1,8
2408,2541,1/2-1/2,8
2528,2395,1/2-1/2,8
2394,2511,0-1,8
2385,2501,1/2-1/2,8
2376,2496,1-0,8
2487,2382,1-0,8
2456,2162,1-0,8
2303,2600,1/2-1/2,8
2294,2506,0-1,8
2503,2299,1-0,8
2285,2495,1/2-1/2,8
2270,2493,1/2-1/2,8
2257,2490,1/2-1/2,8
2463,2308,1-0,8
2251,2456,0-1,8
2249,2447,0-1,8
2233,2441,0-1,8
2430,2237,1-0,8
2130,2398,0-1,8
2359,1953,1-0,8
1953,2323,0-1,8
2389,2198,1-0,8
2385,2205,1-0,8
2362,2196,1-0,8
2191,2345,0-1,8
2325,2180,1-0,8
2155,2317,0-1,8
2135,2314,0-1,8
2314,2123,1-0,8
2308,2066,1-0,8
2115,2290,1-0,8
2105,2274,1-0,8
2269,2049,1-0,8
2104,2255,1/2-1/2,8
2237,2007,1-0,8
2102,2229,1/2-1/2,8
2099,2215,0-1,8
2066,2212,1/2-1/2,8
1803,2209,0-1,8
2360,1883,1-0,8
2254,2048,0-1,8
2248,2022,1-0,8
2007,2244,0-1,8
2038,2237,1-0,8
2209,1998,1-0,8
2207,2005,1-0,8
2187,1996,1-0,8
2185,1994,0-1,8
1993,2176,1-0,8
1980,2173,1-0,8
2158,1967,1-0,8
2143,1915,1-0,8
1948,2124,0-1,8
2117,1844,1/2-1/2,8
2116,1867,1/2-1/2,8
1923,2105,1/2-1/2,8
2104,1759,1-0,8
1802,2101,1-0,8
1933,2101,1/2-1/2,8
1737,2097,0-1,8
1636,2080,0-1,8
2051,1624,1-0,8
2341,1927,1-0,8
1901,2155,0-1,8
1890,2126,0-1,8
2093,1921,1/2-1/2,8
1895,2055,0-1,8
1875,2044,0-1,8
2044,1812,0-1,8
1830,2042,0-1,8
2033,1886,1-0,8
1829,2027,1-0,8
2026,1756,1/2-1/2,8
2008,1705,1-0,8
1782,1999,0-1,8
1985,1710,1/2-1/2,8
1967,1704,1-0,8
1961,1662,1-0,8
1958,1618,0-1,8
1940,1618,1-0,8
1738,2056,1-0,8
2027,1822,1/2-1/2,8
2019,1810,1-0,8
1761,2011,1-0,8
2004,1754,1-0,8
1736,1997,0-1,8
1992,1729,1-0,8
1938,1669,1-0,8
1922,1663,1/2-1/2,8
1599,1897,1/2-1/2,8
1598,1865,0-1,8
1854,1530,1/2-1/2,8
1853,1437,1-0,8
1649,1964,1-0,8
1595,1893,0-1,8
1526,1882,1-0,8
1510,1845,1-0,8
1804,1512,1/2-1/2,8
1703,1425,1-0,8
1475,1677,1-0,8
1309,1668,0-1,8
1175,1450,0-1,8
1471,1234,1/2-1/2,8
2700,2681,1-0,9
2706,2587,0-1,9
2603,2657,1-0,9
2546,2646,1-0,9
2511,2651,1-0,9
2439,2646,0-1,9
2631,2456,1-0,9
2479,2623,0-1,9
2599,2487,0-1,9
2506,2376,1/2-1/2,9
2441,2687,1/2-1/2,9
2541,2430,1-0,9
2435,2528,1/2-1/2,9
2398,2503,1-0,9
2501,2408,1-0,9
2418,2466,1-0,9
2395,2463,1/2-1/2,9
2323,2460,0-1,9
2456,2385,1/2-1/2,9
2447,2362,1-0,9
2239,2444,1/2-1/2,9
2600,2359,1-0,9
2496,2308,1-0,9
2495,2314,1-0,9
2493,2285,1-0,9
2490,2303,1-0,9
2314,2427,0-1,9
2270,2423,0-1,9
2269,2394,1/2-1/2,9
2257,2389,1-0,9
2215,2385,0-1,9
2382,2115,1-0,9
2209,2362,0-1,9
2105,2345,1-0,9
2162,2325,0-1,9
2317,2237,1-0,9
2158,2360,1/2-1/2,9
2308,2143,0-1,9
2299,2130,1-0,9
2124,2294,1/2-1/2,9
2255,2104,1-0,9
2253,2104,1/2-1/2,9
2251,2102,1-0,9
2097,2249,0-1,9
2080,2248,0-1,9
2244,2066,1/2-1/2,9
2237,2051,0-1,9
2048,2233,1/2-1/2,9
2229,2038,1-0,9
2212,1993,1-0,9
1994,2207,1-0,9
1953,2187,0-1,9
2173,1953,1/2-1/2,9
2290,1802,1-0,9
2049,2341,1/2-1/2,9
2044,2274,0-1,9
2208,2042,1-0,9
2205,2033,1-0,9
2198,2008,1-0,9
2196,2007,1-0,9
1999,2191,0-1,9
2180,1967,1/2-1/2,9
1883,2155,1/2-1/2,9
2155,1940,1/2-1/2,9
1867,2135,1/2-1/2,9
2126,1961,1-0,9
2123,1933,1-0,9
1812,2117,0-1,9
1844,2116,1-0,9
2105,1829,1-0,9
2101,1923,1-0,9
1618,2099,1/2-1/2,9
2066,1803,0-1,9
2055,1738,1/2-1/2,9
1967,2254,0-1,9
2237,1980,1-0,9
1921,2185,0-1,9
2176,1948,1-0,9
2101,1938,1-0,9
1915,2093,0-1,9
1865,2026,0-1,9
2022,1853,1-0,9
1756,2019,1-0,9
1759,2007,1/2-1/2,9
2005,1761,1/2-1/2,9
1998,1737,1-0,9
1996,1636,1-0,9
1710,1992,0-1,9
1624,1985,0-1,9
2044,1782,1/2-1/2,9
1705,2027,1/2-1/2,9
2027,1649,1-0,9
1704,1958,0-1,9
1927,1703,1/2-1/2,9
1668,1922,0-1,9
1663,1901,1/2-1/2,9
1897,1650,0-1,9
1662,1895,1-0,9
1893,1599,0-1,9
1654,1890,1-0,9
1886,1526,1-0,9
1618,1875,1-0,9
1862,1510,1-0,9
1854,1475,1-0,9
1530,1830,0-1,9
2056,1669,1-0,9
2011,1729,1-0,9
1512,1963,0-1,9
1953,1404,1/2-1/2,9
1810,1598,1-0,9
1470,1804,1/2-1/2,9
1450,1754,1/2-1/2,9
1437,1736,1/2-1/2,9
1964,1349,1-0,9
1882,1309,1-0,9
1425,1595,0-1,9
1175,1471,1-0,9
2603,2700,1/2-1/2,10
2587,2546,1/2-1/2,10
2646,2511,1/2-1/2,10
2623,2631,1-0,10
2487,2706,1/2-1/2,10
2681,2447,1/2-1/2,10
2460,2657,1-0,10
2541,2418,1-0,10
2376,2501,1/2-1/2,10
2687,2398,1-0,10
2651,2441,1-0,10
2646,2435,1/2-1/2,10
2439,2600,0-1,10
2427,2599,0-1,10
2385,2528,0-1,10
2423,2506,0-1,10
2395,2496,1/2-1/2,10
2385,2495,1/2-1/2,10
2493,2382,1-0,10
2456,2239,1-0,10
2362,2490,0-1,10
2325,2479,1/2-1/2,10
2463,2317,1/2-1/2,10
2456,2257,1/2-1/2,10
2444,2105,1-0,10
2503,2255,1-0,10
2466,2251,1-0,10
2430,2249,1/2-1/2,10
2408,2212,1-0,10
2248,2394,0-1,10
2362,2229,1-0,10
2359,1994,1-0,10
2187,2323,1-0,10
2143,2299,1-0,10
2051,2269,0-1,10
2389,2208,1-0,10
2205,2360,0-1,10
2345,2198,1-0,10
2196,2314,1-0,10
2314,2162,1-0,10
2308,2191,1-0,10
2303,2158,1/2-1/2,10
2294,2126,1/2-1/2,10
2290,2124,1-0,10
2285,2123,1-0,10
2274,2105,0-1,10
2117,2270,0-1,10
2115,2253,1-0,10
2104,2244,1/2-1/2,10
2237,2048,1-0,10
2233,2101,0-1,10
2066,2215,1-0,10
1953,2209,0-1,10
2341,1844,1-0,10
2254,2049,1-0,10
2038,2237,0-1,10
2026,2237,0-1,10
2207,2022,1/2-1/2,10
2185,1998,1/2-1/2,10
1993,2180,0-1,10
1992,2176,0-1,10
2155,1997,1-0,10
1985,2155,1-0,10
1802,2135,1/2-1/2,10
2130,1996,0-1,10
2104,1953,1/2-1/2,10
2102,1883,1/2-1/2,10
1967,2101,1-0,10
2099,1867,1-0,10
1738,2097,1/2-1/2,10
2093,1618,1-0,10
1940,2080,0-1,10
1756,2055,0-1,10
1830,2066,0-1,10
1829,2044,0-1,10
2042,1886,1/2-1/2,10
2033,1862,1-0,10
2008,1854,1/2-1/2,10
2007,1822,0-1,10
2007,1812,0-1,10
1650,2005,1/2-1/2,10
2004,1759,1-0,10
1761,1999,0-1,10
1958,1662,0-1,10
1923,1654,1-0,10
1922,1618,1-0,10
1599,2044,0-1,10
2056,1865,1/2-1/2,10
1853,2027,0-1,10
1782,2011,1/2-1/2,10
1810,1980,0-1,10
1737,1967,0-1,10
1963,1710,0-1,10
1948,1705,1/2-1/2,10
1938,1663,1-0,10
1703,1921,1-0,10
1636,1915,1/2-1/2,10
1901,1624,1/2-1/2,10
1964,1668,1-0,10
1953,1704,0-1,10
1649,1897,1/2-1/2,10
1895,1595,1/2-1/2,10
1530,1893,1/2-1/2,10
1890,1526,1-0,10
1475,1882,1-0,10
1875,1470,1-0,10
1845,1450,1-0,10
1754,1437,0-1,10
1404,1677,1/2-1/2,10
1669,1234,1-0,10
1598,1175,1-0,10
1349,1512,1/2-1/2,10
2756,2065,1-0,1
2063,2736,0-1,1
2727,2062,1-0,1
1969,2519,0-1,1
2514,1968,1-0,1
2044,2651,1/2-1/2,1
2646,2044,1-0,1
2042,2642,0-1,1
2633,2039,1-0,1
2038,2625,0-1,1
2530,1972,1-0,1
2605,2037,1-0,1
2034,2603,0-1,1
2601,2031,1-0,1
2015,2585,0-1,1
2573,2009,1-0,1
2009,2566,0-1,1
2564,2008,1-0,1
2001,2560,0-1,1
2554,1994,1-0,1
1986,2548,0-1,1
2544,1985,1-0,1
1974,2540,0-1,1
2533,1973,1-0,1
1972,2532,0-1,1
2049,2676,0-1,1
2665,2045,1-0,1
1955,2514,1-0,1
2509,1951,1-0,1
1950,2498,0-1,1
2496,1948,1-0,1
1945,2491,0-1,1
2488,1944,1-0,1
1937,2482,0-1,1
2482,1929,1-0,1
1926,2468,0-1,1
2462,1909,1-0,1
1903,2461,0-1,1
2456,1900,1-0,1
1899,2450,1/2-1/2,1
2448,1895,0-1,1
1889,2447,0-1,1
2443,1889,1-0,1
1885,2435,0-1,1
2434,1880,1-0,1
1875,2433,0-1,1
2429,1874,1-0,1
1872,2428,0-1,1
2426,1868,1-0,1
1861,2422,0-1,1
2412,1855,1-0,1
1853,2408,0-1,1
2408,1845,1-0,1
1844,2404,0-1,1
2403,1843,1-0,1
1843,2401,0-1,1
2394,1839,1-0,1
1835,2393,0-1,1
2390,1833,1-0,1
1833,2380,0-1,1
2380,1828,1-0,1
1823,2379,0-1,1
2366,1808,1-0,1
1807,2357,0-1,1
2355,1806,1-0,1
1802,2351,0-1,1
2350,1787,1-0,1
1784,2349,1/2-1/2,1
2347,1781,1-0,1
1776,2345,1/2-1/2,1
2338,1775,1-0,1
1774,2337,0-1,1
2324,1767,1-0,1
1761,2321,0-1,1
2321,1756,1-0,1
1724,2317,0-1,1
2315,1720,1-0,1
1716,2315,0-1,1
2308,1701,1-0,1
1700,2307,0-1,1
2303,1697,1-0,1
1694,2302,0-1,1
2300,1692,1-0,1
1678,2288,0-1,1
2287,1677,1-0,1
1676,2279,0-1,1
2278,1662,1-0,1
1648,2277,0-1,1
2275,1642,1-0,1
1641,2274,0-1,1
2269,1636,1-0,1
1634,2251,0-1,1
2247,1611,1-0,1
1599,2242,0-1,1
2230,1575,1-0,1
1574,2230,0-1,1
1571,2221,0-1,1
2212,1562,1-0,1
1549,2211,0-1,1
2202,1525,1-0,1
1499,2189,0-1,1
2182,1497,1-0,1
2180,1491,1-0,1
2177,1485,1-0,1
1475,2176,1-0,1
2174,1454,1-0,1
1450,2172,0-1,1
2171,1370,1-0,1
1362,2170,0-1,1
2166,1348,1-0,1
1335,2150,1/2-1/2,1
2150,1320,1-0,1
1304,2140,0-1,1
2138,1301,1-0,1
2133,1224,1-0,1
1159,2132,0-1,1
2131,1119,1-0,1
1038,2123,0-1,1
2376,1819,1-0,1
1824,1273,1-0,1
2123,1571,1-0,1
2519,2269,1/2-1/2,2
2491,2212,1-0,2
2482,2202,1-0,2
2468,2182,1-0,2
2447,2177,0-1,2
2170,2434,0-1,2
2428,2166,0-1,2
2132,2426,0-1,2
2422,2133,1/2-1/2,2
2404,2123,1-0,2
2100,2390,0-1,2
2087,2380,0-1,2
2083,2376,1/2-1/2,2
2357,2077,1/2-1/2,2
2065,2355,0-1,2
2651,1824,1-0,2
2349,1899,1-0,2
2345,1784,1-0,2
2150,1645,1-0,2
2065,1335,1-0,2
1806,2063,0-1,2
2062,1807,0-1,2
1787,2049,0-1,2
2045,1802,1-0,2
2044,1781,1-0,2
1775,2042,0-1,2
2031,1724,0-1,2
1701,2009,0-1,2
1697,2001,0-1,2
1994,1694,1-0,2
1662,1972,0-1,2
1968,1636,1/2-1/2,2
1611,1955,0-1,2
1571,1950,0-1,2
1497,1937,1-0,2
1485,1926,0-1,2
1454,1903,0-1,2
1900,1499,1-0,2
1273,1861,0-1,2
1224,1853,0-1,2
1845,1159,1-0,2
1119,1844,0-1,2
2532,2275,1-0,2
2230,2514,0-1,2
2514,2247,1-0,2
2221,2509,0-1,2
2498,2230,1/2-1/2,2
2211,2496,0-1,2
2189,2488,0-1,2
2180,2462,0-1,2
2176,2456,1/2-1/2,2
2172,2443,0-1,2
2435,2174,1-0,2
2433,2171,1-0,2
2140,2429,0-1,2
2123,2412,0-1,2
2408,2131,1-0,2
2122,2408,0-1,2
2401,2119,1-0,2
2107,2394,1/2-1/2,2
2393,2104,1/2-1/2,2
2380,2095,1-0,2
2379,2084,1-0,2
2069,2366,0-1,2
2351,2066,1-0,2
1895,2350,0-1,2
2450,2044,1-0,2
2339,1776,1-0,2
1767,2038,1-0,2
2037,1761,1-0,2
1756,2034,0-1,2
1720,2015,0-1,2
2009,1716,1-0,2
2008,1700,0-1,2
1985,1678,1-0,2
1677,1974,0-1,2
1973,1676,0-1,2
1972,1648,1-0,2
1642,1969,0-1,2
1951,1634,1/2-1/2,2
1948,1599,1-0,2
1525,1945,0-1,2
1944,1574,1-0,2
1929,1571,0-1,2
1909,1549,1-0,2
1370,1889,0-1,2
1889,1491,1-0,2
1348,1885,0-1,2
1320,1875,0-1,2
1874,1475,1-0,2
1301,1872,0-1,2
1868,1450,1-0,2
1855,1304,1-0,2
1843,1038,1-0,2
2039,1774,0-1,2
2347,2756,0-1,2
2736,2338,1-0,2
2337,2727,0-1,2
2676,2324,1/2-1/2,2
2321,2665,1-0,2
2317,2646,1/2-1/2,2
2642,2321,1-0,2
2315,2633,1/2-1/2,2
2625,2315,1-0,2
2307,2605,0-1,2
2242,2530,0-1,2
2603,2308,1-0,2
2302,2601,0-1,2
2585,2303,1/2-1/2,2
2288,2573,0-1,2
2566,2300,1-0,2
2279,2564,0-1,2
2277,2554,0-1,2
2548,2287,1/2-1/2,2
2274,2544,0-1,2
2540,2278,1-0,2
2251,2533,0-1,2
2560,2315,1-0,3
2269,2450,1-0,3
2665,2083,1-0,3
2001,2428,0-1,3
1986,2347,1-0,3
2308,1972,1-0,3
1972,2307,0-1,3
1969,2302,0-1,3
1955,2288,0-1,3
1926,2251,0-1,3
2247,1900,1/2-1/2,3
1903,2242,0-1,3
1889,2230,1/2-1/2,3
1885,2221,0-1,3
2131,1845,1-0,3
1835,2123,0-1,3
2123,1843,1-0,3
1823,2087,0-1,3
2063,1808,1-0,3
2015,1497,1-0,3
1571,2044,0-1,3
1634,1968,0-1,3
1575,1951,0-1,3
1562,1899,0-1,3
1784,1335,1-0,3
1574,2062,0-1,3
1475,1787,1/2-1/2,3
1320,1756,0-1,3
1694,1224,1-0,3
1678,1119,1-0,3
2345,2651,1/2-1/2,3
2646,2339,1-0,3
2633,2176,1-0,3
2324,2519,1/2-1/2,3
2303,2498,0-1,3
2287,2482,0-1,3
2461,2150,1/2-1/2,3
2456,2150,1-0,3
2230,2422,0-1,3
2133,2403,0-1,3
2394,2138,0-1,3
2393,2135,0-1,3
2376,2107,1/2-1/2,3
2104,2357,0-1,3
2077,2349,0-1,3
2009,2447,0-1,3
2338,2009,1-0,3
1974,2337,1-0,3
2321,1994,1-0,3
2315,1985,1-0,3
2300,1948,1-0,3
1950,2279,1-0,3
2278,1944,1-0,3
1945,2277,0-1,3
2275,1909,1-0,3
2212,1895,1-0,3
1875,2211,0-1,3
2202,1889,0-1,3
1872,2189,0-1,3
2182,1874,1-0,3
1861,2180,1-0,3
2174,1868,1-0,3
1853,2172,0-1,3
2171,1855,1-0,3
1844,2170,0-1,3
1843,2140,1-0,3
1833,2122,1-0,3
2119,1839,1/2-1/2,3
1824,2100,0-1,3
2095,1833,1-0,3
2084,1828,0-1,3
1818,2069,1/2-1/2,3
2066,1819,1/2-1/2,3
1807,2065,0-1,3
1724,2065,0-1,3
1700,2045,0-1,3
1676,2044,1/2-1/2,3
2042,1774,1-0,3
2034,1767,1/2-1/2,3
1880,1362,1-0,3
2038,1571,1-0,3
1549,2031,0-1,3
1525,2008,0-1,3
1499,1973,0-1,3
1937,1485,1-0,3
1491,1929,0-1,3
1781,1454,1-0,3
1450,1775,1-0,3
1761,1370,1-0,3
1304,1720,1-0,3
1716,1301,0-1,3
1273,1701,0-1,3
1038,1697,0-1,3
2756,2462,1-0,3
2443,2736,1/2-1/2,3
2727,2435,1-0,3
2434,2642,1/2-1/2,3
2605,2433,1-0,3
2429,2603,1/2-1/2,3
2601,2426,1-0,3
2412,2566,1/2-1/2,3
2554,2408,1-0,3
2544,2408,1-0,3
2530,2380,1-0,3
2390,2540,1/2-1/2,3
2533,2401,1-0,3
2380,2532,1-0,3
2514,2379,0-1,3
2509,2366,1-0,3
2496,2351,0-1,3
2355,2491,1/2-1/2,3
2488,2321,0-1,3
2350,2482,1/2-1/2,3
2177,2468,0-1,3
2166,2676,0-1,3
2349,2585,0-1,4
2651,2212,1-0,4
2519,2177,1/2-1/2,4
2221,2514,0-1,4
2189,2496,0-1,4
2462,2174,1-0,4
2447,2171,1-0,4
2435,2166,1-0,4
2428,2131,1-0,4
2426,2123,1/2-1/2,4
2408,2095,1-0,4
2401,2042,1-0,4
2380,2015,1-0,4
2366,1986,1/2-1/2,4
2123,2345,1/2-1/2,4
2337,1950,1-0,4
2087,2321,1-0,4
2065,2317,0-1,4
2045,2308,1-0,4
2037,2300,0-1,4
2277,1833,1-0,4
1828,2275,0-1,4
2450,2034,1-0,4
2049,2394,0-1,4
2339,1889,1-0,4
2315,1880,1-0,4
2044,2287,1/2-1/2,4
1951,2247,1/2-1/2,4
2230,1818,1-0,4
1839,2132,0-1,4
2083,1676,1-0,4
1645,2077,0-1,4
1636,2066,0-1,4
2279,1853,1/2-1/2,4
1855,2202,0-1,4
2180,1844,1/2-1/2,4
2140,1835,0-1,4
2122,1824,1-0,4
1845,2084,0-1,4
2062,1823,1-0,4
1843,2038,0-1,4
2031,1807,1-0,4
2009,1774,1-0,4
1833,2009,0-1,4
2008,1761,1-0,4
1808,2001,0-1,4
1994,1724,1-0,4
1985,1700,1-0,4
1781,1974,1-0,4
1973,1694,0-1,4
1756,1972,1-0,4
1972,1678,1-0,4
1701,1969,0-1,4
1677,1945,0-1,4
1944,1450,1-0,4
1662,1937,1/2-1/2,4
1929,1304,1-0,4
1642,1926,1-0,4
1611,1903,0-1,4
1301,1875,0-1,4
1362,1806,0-1,4
1802,1348,1-0,4
1787,1159,1-0,4
1335,1634,0-1,4
1775,1320,0-1,4
1720,1273,1-0,4
1692,1038,1-0,4
1454,1648,1-0,4
1370,1574,0-1,4
1224,1549,0-1,4
1119,1525,0-1,4
2509,2727,0-1,4
2468,2605,1/2-1/2,4
2380,2601,0-1,4
2379,2554,0-1,4
2351,2544,0-1,4
2321,2533,0-1,4
2736,2482,1-0,4
2676,2456,1-0,4
2642,2443,0-1,4
2422,2633,0-1,4
2530,2756,0-1,4
2403,2625,0-1,4
2603,2434,1-0,4
2573,2429,1-0,4
2566,2404,1/2-1/2,4
2564,2412,1-0,4
2357,2560,1/2-1/2,4
2540,2355,1-0,4
2138,2514,0-1,4
2498,2390,1/2-1/2,4
2491,2350,1/2-1/2,4
2482,2269,1-0,4
2251,2665,0-1,4
2242,2548,0-1,4
2532,2182,1-0,4
2211,2488,0-1,4
2172,2461,1/2-1/2,4
2433,2135,1-0,4
2408,2063,1-0,4
2170,2393,1/2-1/2,4
2150,2376,0-1,4
2107,2338,0-1,4
2100,2324,1/2-1/2,4
2065,2315,1/2-1/2,4
2307,1861,1-0,4
2302,1843,1/2-1/2,4
1889,2278,1-0,4
2044,2303,0-1,4
1968,2274,0-1,4
1900,2230,0-1,4
2176,1784,1-0,4
2150,1776,1/2-1/2,4
1899,2133,0-1,4
1819,2119,0-1,4
1767,2104,0-1,4
1868,2347,0-1,4
1697,1955,0-1,4
1948,1571,1/2-1/2,4
1485,1716,0-1,4
2317,2462,1/2-1/2,5
2277,2435,0-1,5
2288,2642,0-1,5
2274,2519,0-1,5
2177,2450,0-1,5
2393,2138,1-0,5
2345,2100,1-0,5
2315,2069,1/2-1/2,5
1986,2302,0-1,5
2347,2037,1-0,5
2287,2009,1-0,5
1950,2211,1-0,5
2202,1985,1-0,5
2174,1951,1-0,5
2166,1929,1-0,5
1875,2150,0-1,5
2131,1895,1-0,5
2063,1828,1-0,5
2038,1642,1-0,5
1806,2279,1-0,5
1784,2049,1-0,5
1676,1968,1/2-1/2,5
1634,1948,0-1,5
1937,1767,1/2-1/2,5
1575,1900,0-1,5
1571,1899,1-0,5
1475,1839,0-1,5
1678,2140,0-1,5
1574,1973,0-1,5
1491,1843,0-1,5
1824,1692,0-1,5
1823,1677,1-0,5
1774,1571,0-1,5
1761,1454,1-0,5
1724,1304,1-0,5
1700,1301,1-0,5
1224,1775,0-1,5
1648,1119,1-0,5
1038,1485,0-1,5
2756,2554,1-0,5
2727,2544,1/2-1/2,5
2601,2533,1/2-1/2,5
2736,2573,1-0,5
2514,2676,1/2-1/2,5
2633,2564,1/2-1/2,5
2625,2468,1-0,5
2605,2540,1-0,5
2443,2603,1-0,5
2665,2408,1-0,5
2357,2530,1/2-1/2,5
2404,2651,1/2-1/2,5
2401,2646,0-1,5
2585,2380,1-0,5
2390,2566,0-1,5
2560,2380,1-0,5
2548,2379,1-0,5
2376,2532,1-0,5
2514,2351,1-0,5
2350,2509,0-1,5
2338,2498,0-1,5
2496,2337,1-0,5
2321,2491,0-1,5
2488,2307,1-0,5
2300,2447,0-1,5
2275,2433,0-1,5
2087,2428,1/2-1/2,5
2045,2408,0-1,5
2482,1889,1-0,5
2461,2269,1-0,5
2456,2230,1/2-1/2,5
2434,2176,0-1,5
2429,2172,1-0,5
2133,2426,0-1,5
2132,2422,0-1,5
2412,2170,1-0,5
2123,2403,0-1,5
2394,2123,1-0,5
2119,2366,0-1,5
2355,2104,1/2-1/2,5
2066,2349,0-1,5
2077,2339,1-0,5
2324,2083,1-0,5
1843,2315,0-1,5
2303,2065,1-0,5
2321,2031,1-0,5
2308,2015,1-0,5
2278,2009,0-1,5
2001,2251,1/2-1/2,5
2247,2008,1-0,5
1969,2242,0-1,5
1955,2221,1/2-1/2,5
2212,1994,1-0,5
1945,2189,1-0,5
2182,1972,0-1,5
2171,1944,1/2-1/2,5
1903,2150,1/2-1/2,5
2135,1909,1-0,5
1861,2122,1-0,5
1835,2107,0-1,5
2095,1874,1-0,5
2084,1781,1-0,5
1833,2065,1/2-1/2,5
1776,2062,1/2-1/2,5
1694,2044,1/2-1/2,5
2042,1756,1/2-1/2,5
2180,1802,1-0,5
2044,1787,1-0,5
2034,1662,1-0,5
1889,1645,1/2-1/2,5
1885,1641,1/2-1/2,5
1872,1636,1/2-1/2,5
1853,1497,1-0,5
1926,1697,1-0,5
1549,1868,1-0,5
1525,1855,0-1,5
1450,1833,0-1,5
1320,1808,1/2-1/2,5
1807,1611,1-0,5
1499,1845,0-1,5
2519,2357,1/2-1/2,6
2468,2345,1-0,6
2315,2461,1/2-1/2,6
2532,2212,1-0,6
2242,2456,1/2-1/2,6
2230,2390,1-0,6
2150,2355,0-1,6
2351,2131,1-0,6
2135,2350,0-1,6
2337,2095,0-1,6
2084,2321,0-1,6
2063,2315,1/2-1/2,6
2307,2045,1/2-1/2,6
1972,2287,0-1,6
1889,2247,0-1,6
2062,2434,1/2-1/2,6
2288,2044,1-0,6
2044,2274,0-1,6
2269,2042,0-1,6
1900,2171,0-1,6
2138,1903,1-0,6
1806,2133,1/2-1/2,6
2132,1843,0-1,6
2123,1833,1-0,6
2100,1818,1-0,6
2083,1784,1-0,6
1855,2278,0-1,6
2140,1872,1-0,6
2122,1835,1-0,6
2015,1823,1-0,6
1973,1724,1-0,6
1692,1969,1/2-1/2,6
1968,1700,1-0,6
1951,1676,1-0,6
1929,1645,1-0,6
1909,1641,1-0,6
1571,1889,1/2-1/2,6
1880,1549,0-1,6
2279,1575,1-0,6
1972,1475,1-0,6
1899,1362,1-0,6
1868,1499,1-0,6
1485,1824,0-1,6
1774,1491,1-0,6
1454,1716,1-0,6
1697,1450,1-0,6
1370,1678,1-0,6
1301,1599,0-1,6
1119,1038,0-1,6
2756,2736,1/2-1/2,6
2533,2727,1/2-1/2,6
2625,2601,0-1,6
2544,2605,0-1,6
2676,2443,1/2-1/2,6
2498,2665,1/2-1/2,6
2646,2509,1-0,6
2491,2633,0-1,6
2585,2496,1/2-1/2,6
2566,2488,1-0,6
2366,2530,1/2-1/2,6
2564,2482,1-0,6
2447,2560,0-1,6
2554,2376,1/2-1/2,6
2435,2548,1/2-1/2,6
2433,2514,1/2-1/2,6
2408,2514,1/2-1/2,6
2651,2412,1-0,6
2642,2404,1-0,6
2603,2403,1-0,6
2573,2394,1-0,6
2540,2393,1/2-1/2,6
2349,2482,1/2-1/2,6
2462,2324,1-0,6
2450,2317,0-1,6
2302,2429,1-0,6
2428,2303,1-0,6
2426,2087,1-0,6
2422,2077,1-0,6
2176,2401,1-0,6
2408,2202,1-0,6
2380,2174,1-0,6
2230,2380,0-1,6
2379,2166,1-0,6
2107,2347,1/2-1/2,6
2104,2338,0-1,6
2069,2321,0-1,6
2038,2308,0-1,6
2009,2300,1-0,6
1950,2277,0-1,6
1945,2275,1-0,6
2339,1861,1-0,6
2251,2034,1/2-1/2,6
2221,2001,1-0,6
1948,2180,1/2-1/2,6
1944,2177,0-1,6
2172,1986,1-0,6
2170,1955,1/2-1/2,6
2150,1853,1-0,6
1756,2123,1/2-1/2,6
2065,1776,1-0,6
2065,1694,1/2-1/2,6
2211,1571,1-0,6
2189,1844,1-0,6
1843,2182,1-0,6
2037,1833,1-0,6
2031,1828,1-0,6
2009,1807,1/2-1/2,6
2008,1781,1-0,6
1994,1767,1-0,6
1985,1761,0-1,6
1701,1937,1-0,6
1636,1926,0-1,6
1642,1895,0-1,6
1562,1885,1-0,6
1497,1974,0-1,6
1819,1320,1-0,6
1335,1802,1/2-1/2,6
1677,1273,1/2-1/2,6
1304,1648,0-1,6
2488,2349,1-0,7
2482,2315,1/2-1/2,7
2308,2408,1/2-1/2,7
2393,2009,1-0,7
2380,1945,1-0,7
2095,2456,0-1,7
2429,2177,1/2-1/2,7
2404,2150,1-0,7
2347,2123,0-1,7
2324,2077,1/2-1/2,7
2303,2065,0-1,7
1843,2221,0-1,7
2434,2038,1-0,7
2390,2031,1-0,7
2034,2337,1/2-1/2,7
2300,2015,1/2-1/2,7
2275,1994,1/2-1/2,7
1972,2230,0-1,7
2202,1951,1-0,7
1926,2170,0-1,7
2133,1756,1-0,7
2131,1806,1-0,7
1694,2084,0-1,7
2182,1692,1/2-1/2,7
2044,1843,1-0,7
1845,2044,0-1,7
2001,1662,1/2-1/2,7
1974,1571,1-0,7
1776,2049,1-0,7
1676,1985,0-1,7
1872,1697,1-0,7
1844,1642,1-0,7
1835,1636,1-0,7
1808,1525,0-1,7
1767,1335,0-1,7
1362,1677,1-0,7
1634,1320,1-0,7
1716,1304,1-0,7
2605,2756,1-0,7
2601,2727,0-1,7
2560,2646,0-1,7
2633,2533,1-0,7
2443,2566,0-1,7
2468,2676,0-1,7
2665,2462,1-0,7
2435,2651,0-1,7
2433,2642,0-1,7
2428,2625,0-1,7
2530,2302,1-0,7
2426,2603,1/2-1/2,7
2422,2573,1/2-1/2,7
2376,2544,0-1,7
2514,2408,1-0,7
2317,2498,0-1,7
2496,2176,1-0,7
2357,2540,1-0,7
2355,2532,0-1,7
2350,2519,0-1,7
2509,2351,0-1,7
2338,2491,1-0,7
2482,2321,1/2-1/2,7
2461,2230,1-0,7
2321,2447,0-1,7
2287,2380,1/2-1/2,7
2277,2379,0-1,7
2247,2366,0-1,7
2171,2450,0-1,7
2412,2172,1-0,7
2403,2138,1-0,7
2394,2100,1-0,7
2345,2107,1-0,7
2087,2339,1/2-1/2,7
2315,2083,1-0,7
2066,2307,1/2-1/2,7
2045,2288,0-1,7
2274,2063,1-0,7
2042,2242,0-1,7
2401,2037,0-1,7
2278,2008,1-0,7
1973,2251,0-1,7
2212,1968,1-0,7
1955,2211,1-0,7
2189,1950,1/2-1/2,7
2180,1929,1/2-1/2,7
2174,1948,0-1,7
2166,1909,1-0,7
1895,2150,1-0,7
1889,2140,0-1,7
1874,2135,0-1,7
2123,1701,1-0,7
1839,2122,1-0,7
1861,2119,1-0,7
1761,2104,0-1,7
1562,2069,0-1,7
1549,2062,0-1,7
1889,2279,0-1,7
1875,2269,0-1,7
1853,2132,1-0,7
1833,2009,0-1,7
1818,1972,1-0,7
1807,1944,1-0,7
1571,1900,0-1,7
1784,1899,1/2-1/2,7
1937,1720,1-0,7
1885,1700,0-1,7
1648,1880,1/2-1/2,7
1645,1868,0-1,7
1641,1855,1-0,7
1833,1611,1-0,7
1828,1599,1-0,7
1823,1574,0-1,7
1802,1454,1/2-1/2,7
1781,1370,1-0,7
1775,1273,1-0,7
1575,1159,1-0,7
1678,1301,1-0,7
1224,1348,0-1,7
2646,2605,0-1,8
2727,2633,1/2-1/2,8
2566,2756,1/2-1/2,8
2736,2601,0-1,8
2676,2564,1-0,8
2544,2665,1/2-1/2,8
2651,2514,1-0,8
2642,2496,1-0,8
2498,2625,1/2-1/2,8
2603,2461,1-0,8
2379,2530,1-0,8
2447,2585,1/2-1/2,8
2573,2443,1-0,8
2560,2426,1/2-1/2,8
2366,2554,1/2-1/2,8
2548,2422,0-1,8
2533,2393,1/2-1/2,8
2532,2357,1/2-1/2,8
2519,2380,1-0,8
2514,2338,1-0,8
2351,2488,1-0,8
2482,2376,0-1,8
2321,2482,1/2-1/2,8
2456,2317,1/2-1/2,8
2450,2315,1-0,8
2288,2433,0-1,8
2242,2428,1-0,8
2462,2345,1/2-1/2,8
2221,2412,1-0,8
2302,2435,0-1,8
2408,2308,1-0,8
2408,2287,1-0,8
2176,2404,0-1,8
2065,2394,0-1,8
2123,2123,0-1,8
2315,2315,1/2-1/2,8
2380,2274,0-1,8
2540,2166,1-0,8
2177,2509,0-1,8
2491,2133,1-0,8
2170,2429,0-1,8
2140,2401,0-1,8
2135,2390,1/2-1/2,8
2131,2355,0-1,8
2123,2350,1/2-1/2,8
2349,2095,1-0,8
2339,2084,0-1,8
2104,2324,0-1,8
2077,2321,0-1,8
2307,2087,1/2-1/2,8
2069,2278,0-1,8
2062,2277,0-1,8
2251,2066,0-1,8
2009,2247,0-1,8
2230,1955,1-0,8
2230,1861,1-0,8
1948,2212,0-1,8
1839,2202,1/2-1/2,8
2337,1945,1-0,8
2044,2347,0-1,8
2015,2303,0-1,8
2009,2300,0-1,8
2279,2044,1/2-1/2,8
1974,2275,0-1,8
2269,2034,1-0,8
1994,2189,0-1,8
1969,2180,1/2-1/2,8
2172,2042,1-0,8
1929,2171,0-1,8
2150,1950,1-0,8
2150,1853,1-0,8
2138,1895,1-0,8
2107,1843,1-0,8
2083,1818,0-1,8
2065,1776,1-0,8
1900,2063,1-0,8
2211,1844,1-0,8
1868,2182,0-1,8
1833,2174,0-1,8
2122,1819,1-0,8
2119,1835,1/2-1/2,8
1828,2038,0-1,8
2037,1806,0-1,8
2031,1784,1-0,8
2008,1694,0-1,8
1781,2001,0-1,8
1756,1986,0-1,8
1985,1641,1-0,8
1701,1973,0-1,8
1724,1972,0-1,8
1968,1761,1-0,8
1951,1562,1-0,8
1700,1937,0-1,8
1692,1926,1-0,8
1899,1549,0-1,8
1662,1889,0-1,8
1574,1874,1-0,8
1525,1872,0-1,8
1335,1903,1/2-1/2,8
2132,1648,1-0,8
1972,1634,1-0,8
1944,1575,1-0,8
1774,1889,0-1,8
1880,1571,1-0,8
1571,1875,0-1,8
1497,1845,0-1,8
1843,1362,1-0,8
1475,1833,0-1,8
1454,1775,1-0,8
2049,1645,1-0,8
1642,1885,1/2-1/2,8
1855,1491,1-0,8
1636,1823,1/2-1/2,8
1611,1808,0-1,8
1767,1450,1-0,8
1720,1038,1-0,8
1348,1678,1-0,8
1370,1676,0-1,8
1677,1159,1-0,8
1273,1485,1/2-1/2,8
2488,2321,1-0,9
2428,2176,1-0,9
2412,2150,1-0,9
2390,2172,0-1,9
2189,2380,0-1,9
2347,2138,1-0,9
2171,2337,0-1,9
2315,2135,0-1,9
1818,2269,0-1,9
2009,2339,0-1,9
1986,2251,0-1,9
1973,2211,0-1,9
1972,2177,0-1,9
2174,1969,1-0,9
2133,1951,0-1,9
1937,2131,0-1,9
2044,1692,1-0,9
2038,1574,1-0,9
1694,2031,1/2-1/2,9
1895,2132,1/2-1/2,9
1889,2119,0-1,9
1875,2083,0-1,9
1853,2044,0-1,9
2034,1843,1-0,9
1845,2015,1/2-1/2,9
1835,1994,0-1,9
1776,1944,0-1,9
1903,1720,0-1,9
1700,1868,0-1,9
1819,1662,1-0,9
1802,1525,1-0,9
1634,1824,0-1,9
1823,1571,1-0,9
1571,1677,1-0,9
1648,1475,1-0,9
1362,1642,1/2-1/2,9
1320,1636,1-0,9
1038,1611,0-1,9
1159,1119,1-0,9
2605,2676,1-0,9
2727,2566,1/2-1/2,9
2633,2651,1/2-1/2,9
2601,2642,1/2-1/2,9
2756,2544,1-0,9
2665,2519,1/2-1/2,9
2514,2646,1-0,9
2625,2379,1-0,9
2422,2603,1/2-1/2,9
2498,2573,1/2-1/2,9
2530,2349,1/2-1/2,9
2585,2351,1-0,9
2426,2736,0-1,9
2564,2408,1-0,9
2404,2560,0-1,9
2554,2408,1-0,9
2403,2533,0-1,9
2394,2532,1-0,9
2514,2393,1-0,9
2496,2366,1-0,9
2376,2450,1-0,9
2317,2443,1-0,9
2435,2242,1-0,9
2433,2221,1-0,9
2274,2548,0-1,9
2345,2540,0-1,9
2509,2338,1/2-1/2,9
2324,2491,1-0,9
2482,2278,1-0,9
2468,2321,1-0,9
2277,2462,1/2-1/2,9
2461,2247,1-0,9
2212,2456,1-0,9
2357,2447,1-0,9
2429,2315,1/2-1/2,9
2401,2230,1-0,9
2084,2380,0-1,9
2355,2230,1/2-1/2,9
2066,2482,0-1,9
2350,2150,0-1,9
2308,2123,1/2-1/2,9
2307,2123,1/2-1/2,9
2303,2107,0-1,9
2100,2302,1-0,9
2300,2065,1/2-1/2,9
2087,2288,1-0,9
2287,2065,1-0,9
2275,1839,1-0,9
2202,1900,1-0,9
2001,2279,0-1,9
2182,1985,1/2-1/2,9
2180,1968,1-0,9
1945,2170,0-1,9
1955,2140,1-0,9
1889,2122,1-0,9
1872,2104,0-1,9
2095,1948,0-1,9
1861,2077,0-1,9
1549,2069,1-0,9
1806,2062,1/2-1/2,9
2045,1909,1-0,9
2042,1880,1-0,9
1843,2009,0-1,9
1833,1974,0-1,9
1807,1972,1/2-1/2,9
1950,1335,1-0,9
2037,1454,1/2-1/2,9
2049,1767,1/2-1/2,9
1756,2008,1/2-1/2,9
1926,1724,1-0,9
1761,1899,0-1,9
1874,1701,0-1,9
1676,1855,1/2-1/2,9
1844,1697,1/2-1/2,9
1641,1833,1/2-1/2,9
1562,1828,0-1,9
1808,1348,1-0,9
1775,1497,0-1,9
1575,1774,1/2-1/2,9
1678,1304,1-0,9
1645,1370,0-1,9
1491,1273,1-0,9
1485,1224,1-0,9
2605,2727,0-1,10
2625,2756,1/2-1/2,10
2651,2601,1/2-1/2,10
2642,2514,0-1,10
2566,2633,1/2-1/2,10
2736,2514,0-1,10
2676,2498,1-0,10
2496,2665,1/2-1/2,10
2603,2435,1-0,10
2519,2585,1/2-1/2,10
2338,2530,0-1,10
2573,2433,1-0,10
2564,2422,1/2-1/2,10
2560,2394,1-0,10
2554,2357,1/2-1/2,10
2533,2376,1/2-1/2,10
2646,2461,1-0,10
2548,2401,1-0,10
2544,2324,0-1,10
2540,2317,0-1,10
2380,2488,0-1,10
2379,2482,1/2-1/2,10
2351,2468,1/2-1/2,10
2462,2212,0-1,10
2532,2347,1-0,10
2337,2509,1/2-1/2,10
2315,2482,1-0,10
2450,2287,1-0,10
2447,2277,1-0,10
2269,2429,1-0,10
2230,2428,0-1,10
2242,2412,1/2-1/2,10
2408,2275,1/2-1/2,10
2408,2274,0-1,10
2221,2404,0-1,10
2172,2403,1/2-1/2,10
2393,2202,1-0,10
2380,2150,1-0,10
2366,2100,1-0,10
2135,2355,0-1,10
2349,2087,1-0,10
2107,2339,0-1,10
2491,2174,0-1,10
2456,2131,1-0,10
2443,2123,1-0,10
2170,2345,1/2-1/2,10
2321,2066,1-0,10
2321,2084,1-0,10
2104,2308,1/2-1/2,10
2123,2307,0-1,10
2077,2300,1/2-1/2,10
2279,2045,1-0,10
2278,2044,0-1,10
2251,2038,1-0,10
2247,1955,1-0,10
2065,2230,0-1,10
2211,1889,1-0,10
1951,2180,1/2-1/2,10
2177,1549,1-0,10
1948,2390,0-1,10
2044,2315,0-1,10
2031,2303,1-0,10
2302,2042,1-0,10
2288,2034,1-0,10
2009,2189,0-1,10
1994,2182,1-0,10
2176,1974,1-0,10
1985,2171,1/2-1/2,10
2150,1839,1-0,10
2138,1950,1/2-1/2,10
1944,2119,1/2-1/2,10
2083,1806,1/2-1/2,10
2065,1818,1/2-1/2,10
1929,2063,1-0,10
2062,1694,1/2-1/2,10
1900,2133,1/2-1/2,10
2140,1895,1-0,10
2132,1872,1-0,10
2122,1845,0-1,10
1868,2095,0-1,10
2069,1861,0-1,10
2015,1819,1/2-1/2,10
1828,2009,0-1,10
1787,2001,0-1,10
1781,1986,0-1,10
1720,1973,0-1,10
1972,1808,1-0,10
1701,1972,0-1,10
1574,1969,1/2-1/2,10
1968,1807,1-0,10
1692,1945,0-1,10
1454,1937,1-0,10
1909,1784,0-1,10
1899,1802,1-0,10
1824,2049,1/2-1/2,10
1823,2037,1-0,10
2008,1776,1/2-1/2,10
1767,1889,1/2-1/2,10
1880,1756,0-1,10
1697,1875,0-1,10
1855,1648,1-0,10
1676,1853,0-1,10
1641,1844,1/2-1/2,10
1843,1571,1-0,10
1497,1843,1-0,10
1335,1835,0-1,10
1833,1320,1-0,10
1575,1903,0-1,10
1525,1874,0-1,10
1774,1562,1-0,10
1348,1761,0-1,10
1724,1491,0-1,10
1370,1700,0-1,10
1662,1485,1-0,10
1611,1362,0-1,10
1475,1885,1/2-1/2,10
1301,1775,0-1,10
1716,1159,1-0,10
1450,1636,0-1,10
1224,1645,1-0,10
1304,1038,0-1,10
